[17:52:09] [main/INFO]: Loading Minecraft 26.1.2 with Fabric Loader 0.19.5
[17:52:09] [ForkJoinPool-1-worker-4/WARN]: Mod cpm uses the version 0.6.27b which isn't compatible with Loader's extended semantic version format (Could not parse version number component '27b'!), SemVer is recommended for reliably evaluating dependencies and prioritizing newer version
[17:52:09] [ForkJoinPool-1-worker-9/WARN]: The mod "legacy" contains invalid entries in its mod json:
- Unsupported root entry "sodium:options" at line 46 column 19
[17:52:09] [ForkJoinPool-1-worker-11/WARN]: Mod dev_isxander_libsdl4j uses the version 3.2.18.release-3.2.18-79 which isn't compatible with Loader's extended semantic version format (Could not parse version number component 'release'!), SemVer is recommended for reliably evaluating dependencies and prioritizing newer version
[17:52:09] [main/WARN]: Warnings were found!
 - Mod 'RenderScale' (renderscale) 1.4.0-alpha.4 recommends version 1.10.9+26.1 or later of iris, which is missing!
	 - You should install version 1.10.9+26.1 or later of iris for the optimal experience.
[17:52:09] [main/INFO]: Loading 216 mods:
	- animatica 0.6.3+26.1
	- animatium 4.4.1
	   \-- com_moulberry_mixinconstraints 1.1.0
	- antismooth 2.0.4
	- asynclogger 2.2.2+26.1.2-fabric
	- badoptimizations 2.4.1
	- bannerpoint 1.1.2
	- bedrockentitymodels 1.1.1
	- bedrockskins 2.1.1
	- betterf3 18.0.2
	- bhmenu 26.1-2.5.3
	- bobby 5.2.13+mc26.1
	   |-- com_typesafe_config 1.4.2
	   |-- fabric-api-base 2.0.3+ece0632347
	   |-- fabric-command-api-v2 3.0.5+e2bdee7847
	   |-- io_leangen_geantyref_geantyref 1.3.13
	   |-- org_spongepowered_configurate-core 4.1.2
	   \-- org_spongepowered_configurate-hocon 4.1.2
	- borderlessmining 1.2.3
	- bug-fixer-upper 1.10.0
	- c2me 0.4.0-alpha.0.65+26.1.2
	   |-- c2me-base 0.4.0-alpha.0.65+26.1.2
	   |-- c2me-client-uncapvd 0.4.0-alpha.0.65+26.1.2
	   |-- c2me-fixes-chunkio-threading-issues 0.4.0-alpha.0.65+26.1.2
	   |-- c2me-fixes-general-threading-issues 0.4.0-alpha.0.65+26.1.2
	   |-- c2me-fixes-worldgen-threading-issues 0.4.0-alpha.0.65+26.1.2
	   |-- c2me-fixes-worldgen-vanilla-bugs 0.4.0-alpha.0.65+26.1.2
	   |-- c2me-notickvd 0.4.0-alpha.0.65+26.1.2
	   |-- c2me-opts-allocs 0.4.0-alpha.0.65+26.1.2
	   |-- c2me-opts-chunkio 0.4.0-alpha.0.65+26.1.2
	   |-- c2me-opts-dfc 0.4.0-alpha.0.65+26.1.2
	   |-- c2me-opts-math 0.4.0-alpha.0.65+26.1.2
	   |-- c2me-opts-natives-math 0.4.0-alpha.0.65+26.1.2
	   |-- c2me-opts-scheduling 0.4.0-alpha.0.65+26.1.2
	   |-- c2me-opts-worldgen-general 0.4.0-alpha.0.65+26.1.2
	   |-- c2me-opts-worldgen-vanilla 0.4.0-alpha.0.65+26.1.2
	   |-- c2me-rewrites-chunk-serializer 0.4.0-alpha.0.65+26.1.2
	   |-- c2me-rewrites-chunk-system 0.4.0-alpha.0.65+26.1.2
	   |-- c2me-rewrites-chunkio 0.4.0-alpha.0.65+26.1.2
	   |-- c2me-server-utils 0.4.0-alpha.0.65+26.1.2
	   |-- c2me-threading-lighting 0.4.0-alpha.0.65+26.1.2
	   |-- com_github_ben-manes_caffeine_caffeine 3.2.1
	   |-- com_ibm_async_asyncutil 0.1.0
	   |-- io_reactivex_rxjava3_rxjava 3.1.12
	   |-- mixinsquared 0.3.7-beta.1
	   |-- net_objecthunter_exp4j 0.4.8
	   |-- org_jctools_jctools-core 4.0.5
	   \-- org_reactivestreams_reactive-streams 1.0.4
	- c418only 1.1.0+26.x
	- cave_fog_stabilizer 1.2.2
	- chat_heads 1.3.2
	- claritymod 1.0.0
	- cloth-config 26.1.154
	   \-- cloth-basic-math 0.6.1
	- collective 8.32
	- config_manager 1.1.3
	- console_advancement_sounds 1.0.19
	- continuity 3.0.1-beta.2+26.1
	- cpm 0.6.27b
	- crash_assistant 1.11.12
	- dualbar 1.2
	- e4mc 6.2.3+modern
	   \-- folk_sisby_kaleido-config 0.3.3+1.3.2
	- entity_model_features 3.3.11
	- entity_texture_features 7.2.5
	- entityculling 1.11.3
	   |-- transition 1.0.26
	   \-- trender 1.0.17
	- experimentalist 2.0.5
	- fabric-api 0.155.3+26.1.2
	   |-- fabric-api-lookup-api-v1 2.0.12+d5a053b64c
	   |-- fabric-biome-api-v1 18.0.5+2fa62b4e4c
	   |-- fabric-block-api-v1 3.0.2+ec56b6014c
	   |-- fabric-block-getter-api-v2 2.0.6+ec56b6014c
	   |-- fabric-content-registries-v0 11.3.1+af8a297c4c
	   |-- fabric-convention-tags-v2 4.6.2+4f11f7994c
	   |-- fabric-crash-report-info-v1 1.0.3+9f78a5a84c
	   |-- fabric-creative-tab-api-v1 5.0.12+a981f2874c
	   |-- fabric-data-attachment-api-v1 2.2.10+44a0bd1d4c
	   |-- fabric-data-generation-api-v1 24.3.4+cda368334c
	   |-- fabric-debug-api-v1 1.0.1+c792624d4c
	   |-- fabric-dimensions-v1 5.1.7+ad343a8d4c
	   |-- fabric-entity-events-v1 5.0.2+e2bdee784c
	   |-- fabric-events-interaction-v0 5.2.3+07b380be4c
	   |-- fabric-game-rule-api-v1 4.0.5+d871b99e4c
	   |-- fabric-item-api-v1 14.3.0+6d1aaa724c
	   |-- fabric-key-mapping-api-v1 2.0.4+e2bdee784c
	   |-- fabric-lifecycle-events-v1 4.1.1+df84eb3d4c
	   |-- fabric-loot-api-v3 3.0.12+00a1fba64c
	   |-- fabric-menu-api-v1 2.0.15+d871b99e4c
	   |-- fabric-message-api-v1 7.0.5+dae8ce3e4c
	   |-- fabric-model-loading-api-v1 8.0.11+c80601bb4c
	   |-- fabric-networking-api-v1 6.3.2+a217cccf4c
	   |-- fabric-object-builder-api-v1 23.1.1+abb459f14c
	   |-- fabric-particles-v1 5.0.16+b61fef434c
	   |-- fabric-permission-api-v1 1.0.3+5730ecca4c
	   |-- fabric-recipe-api-v1 9.0.17+be4b75ae4c
	   |-- fabric-registry-sync-v0 7.1.1+2fa62b4e4c
	   |-- fabric-renderer-api-v1 13.0.8+c80601bb4c
	   |-- fabric-renderer-indigo 8.1.5+1403e82c4c
	   |-- fabric-rendering-fluids-v1 6.0.1+d871b99e4c
	   |-- fabric-rendering-v1 23.3.1+e9207d814c
	   |-- fabric-resource-conditions-api-v1 6.1.0+83dd0ba34c
	   |-- fabric-resource-loader-v0 3.3.17+4fc5413f4c
	   |-- fabric-resource-loader-v1 2.0.10+7c44c7324c
	   |-- fabric-screen-api-v1 5.1.0+981dd9b24c
	   |-- fabric-serialization-api-v1 2.0.3+11a26f314c
	   |-- fabric-sound-api-v1 2.0.4+11a26f314c
	   |-- fabric-tag-api-v1 2.1.1+371cf5db4c
	   |-- fabric-transfer-api-v1 8.0.6+357ea7334c
	   \-- fabric-transitive-access-wideners-v1 8.1.3+3ff549fb4c
	- fabric-language-kotlin 1.14.1+kotlin.2.4.20
	   |-- org_jetbrains_kotlin_kotlin-reflect 2.4.20
	   |-- org_jetbrains_kotlin_kotlin-stdlib 2.4.20
	   |-- org_jetbrains_kotlin_kotlin-stdlib-jdk7 2.4.20
	   |-- org_jetbrains_kotlin_kotlin-stdlib-jdk8 2.4.20
	   |-- org_jetbrains_kotlinx_atomicfu-jvm 0.33.0
	   |-- org_jetbrains_kotlinx_kotlinx-coroutines-core-jvm 1.11.0
	   |-- org_jetbrains_kotlinx_kotlinx-coroutines-jdk8 1.11.0
	   |-- org_jetbrains_kotlinx_kotlinx-datetime-jvm 0.8.0
	   |-- org_jetbrains_kotlinx_kotlinx-io-bytestring-jvm 0.9.1
	   |-- org_jetbrains_kotlinx_kotlinx-io-core-jvm 0.9.1
	   |-- org_jetbrains_kotlinx_kotlinx-serialization-cbor-jvm 1.11.0
	   |-- org_jetbrains_kotlinx_kotlinx-serialization-core-jvm 1.11.0
	   \-- org_jetbrains_kotlinx_kotlinx-serialization-json-jvm 1.11.0
	- fabricloader 0.19.5
	   \-- mixinextras 0.5.5
	- factory_api 2.2.9
	   |-- com_moulberry_mixinconstraints 1.1.0
	   \-- team_reborn_energy 5.0.0
	- fastipping 1.0.12
	- fastserverpings 1.1.4+26.3
	- ferritecore 9.0.0
	- fix-keyboard-on-linux 1.0.2
	- forgeconfigapiport 26.1.5
	   |-- com_electronwill_night-config_core 3.8.3
	   \-- com_electronwill_night-config_toml 3.8.3
	- fzzy_config 0.7.6+26.1
	   |-- blue_endless_jankson 1.2.3
	   \-- net_peanuuutz_tomlkt_tomlkt-jvm 0.3.7
	- globalpacks 26.1.0
	- immediatelyfast 1.15.3+26.1
	   \-- net_lenni0451_reflect 1.6.2
	- immersive_optimization 0.2.0
	- jasione 1.0.9+26.1.2-fabric
	- java 25
	- kreno-fpatcher 26.2.0+26.1
	   \-- one_pkg_sewlia-config 1.1.0-SNAPSHOT
	- l4jaddons 1.0.0
	   |-- com_sangupta_murmur 1.0.0
	   |-- io_github_mightguy_symspell-lib 6.6.154
	   \-- org_apache_commons_commons-collections4 4.5.0
	- lambdabettergrass 2.7.2+26.1.1
	   |-- spruceui 10.0.0+26.1
	   \-- yumi_mc_core 1.0.0+26.1
	        |-- yumi_commons_collections 2.0.0
	        |-- yumi_commons_core 2.0.0
	        \-- yumi_commons_event 2.0.0
	- languagereload 1.7.8+26.1.2
	- legacy 1.9.1
	   |-- com_moulberry_mixinconstraints 1.1.0
	   |-- commons-codec_commons-codec 1.11
	   |-- commons-logging_commons-logging 1.2
	   |-- dev_isxander_libsdl4j 3.2.18.release-3.2.18-79
	   |-- org_apache_httpcomponents_httpclient 4.5.14
	   \-- org_apache_httpcomponents_httpcore 4.4.16
	- legacy_world_sizes 0.0.1
	   |-- com_moulberry_mixinconstraints 1.1.0
	   |-- commons-codec_commons-codec 1.11
	   |-- commons-logging_commons-logging 1.2
	   |-- org_apache_httpcomponents_httpclient 4.5.14
	   \-- org_apache_httpcomponents_httpcore 4.4.16
	- lithium 0.24.7+mc26.1.2
	- locator_lodestones 1.5.3
	- longview 1.3.2
	- macos_input_fixes_helper 1.16
	   \-- macos_input_fixes 1.16+26.3
	- minecraft 26.1.2
	- moderner_beta 5.0.0-alpha.4+26.1
	- modernfix 5.27.19-build.1
	- modernregsyncfix 2.0.0
	- modmenu 18.0.2
	- mr_legacy_netherextended 3.0.0
	- nochatreports 26.1-v2.19.0
	- nopryingeyes 3.0.0-beta
	- ok_zoomer 17.0.0-beta.5
	   |-- wrench_wrapper 0.8.1
	   \-- wrench_wrapper_backend 0.8.1
	- particle_core 0.3.2+26.1
	   \-- conditional-mixin 0.5.1
	- picturemode 1.1.7+26.1
	- pingview 1.6
	- placeholder-api 3.0.0+26.1
	- pneumonocore 1.3.1
	- preferred-gamerules 2.0.1+26.1
	- proplacer 26.1.0
	- puzzleslib 26.1.15
	- renderscale 1.4.0-alpha.4
	- scalablelux 0.3.0-alpha.0.2+26.1.2
	- servercore 1.5.19+26.1.2
	   |-- fabric-permissions-api-v0 0.7.0
	   |-- org_yaml_snakeyaml 2.6
	   |-- space_arim_dazzleconf_dazzleconf-core 1.3.0-M2
	   \-- space_arim_dazzleconf_dazzleconf-ext-snakeyaml 1.3.0-M2
	- skyboxify 3.4
	   \-- com_moulberry_mixinconstraints 1.1.0
	- sodium 0.9.2+mc26.1.2
	- sound_physics_remastered 1.5.1+26.1.2
	- sspb 7.0.0
	- voicechat 2.6.24+26.1.2
	   |-- fabric-api-base 2.0.3+ece0632347
	   |-- fabric-command-api-v2 3.0.5+e2bdee7847
	   \-- voicechat_api 2.6.24
	- whiteout 0.18.3
	- yet_another_config_lib_v3 3.9.7+26.1-fabric
	   |-- com_twelvemonkeys_common_common-image 3.12.0
	   |-- com_twelvemonkeys_common_common-io 3.12.0
	   |-- com_twelvemonkeys_common_common-lang 3.12.0
	   |-- com_twelvemonkeys_imageio_imageio-core 3.12.0
	   |-- com_twelvemonkeys_imageio_imageio-metadata 3.12.0
	   |-- com_twelvemonkeys_imageio_imageio-webp 3.12.0
	   |-- org_quiltmc_parsers_gson 0.2.1
	   \-- org_quiltmc_parsers_json 0.2.1
	- zconfig 1.0.0+26.x
	   |-- com_electronwill_night-config_core 3.8.3
	   \-- com_electronwill_night-config_toml 3.8.3
	- zfastnoise 1.1.0-beta.6+26.1
	   \-- zfastnoise-ocl 1.0.0-beta.1+26.1
[17:52:10] [main/INFO]: Successfully configured async logger context with [wrapSysOutSysErr=false, filtering.enabled=false, filtering.global=false]
[17:52:10] [main/INFO]: No flag found, running a usual copy
[17:52:10] [main/INFO]: Launching CrashAssistantApp (CrashAssistant-fabric-26.1-1.11.12.jar)
[17:52:10] [CrashAssistantApp process logger/INFO]: CrashAssistantApp process successfully started.
[17:52:10] [main/INFO]: SpongePowered MIXIN Subsystem Version=0.8.7 Source=file:/C:/Users/esteban/AppData/Roaming/PrismLauncher/libraries/net/fabricmc/sponge-mixin/0.17.4+mixin.0.8.7/sponge-mixin-0.17.4+mixin.0.8.7.jar Service=Knot/Fabric Env=CLIENT
[17:52:10] [main/INFO]: Config version: 6
[17:52:10] [main/INFO]: Initializing com.ishland.c2me.base.mixin
[17:52:10] [main/INFO]: Config defaultGlobalExecutorParallelismExpression changed from 
    max(
        1,
        min(
            if( is_smt_probably_enabled,
                cores,
                cores - 1
            )  - if(is_client, 1, 0),
            ( ( mem_gb - (if(is_client, 1.0, 0.5)) ) * 3.0 )
        )
    )
  to max(1,min(if(is_client,(cpus/2.66+1),(cpus/1.5)),if(is_j9vm,((mem_gb-(if(is_client,0.5,0.2)))/0.2),((mem_gb-(if(is_client,0.8,0.5)))/0.2))))
[17:52:10] [main/INFO]: CPU name: AMD Ryzen 5 7600X 6-Core Processor             
[17:52:10] [main/INFO]: Detected 6 available physical CPUs, 12 available logical CPUs
[17:52:10] [main/INFO]: Detected 6 available physical CPUs, 12 available logical CPUs
[17:52:10] [main/INFO]: Global Executor Parallelism: 5 configured, 5 evaluated, 5 default evaluated
[17:52:10] [main/INFO]: Initializing com.ishland.c2me.client.uncapvd.mixin
[17:52:10] [main/INFO]: Disabling config clientSideConfig.modifyMaxVDConfig.enabled: Incompatible with bobby@5.2.13+mc26.1 (*) (defined in c2me)
[17:52:10] [main/INFO]: Config clientSideConfig.modifyMaxVDConfig.enabled changed from true to false
[17:52:10] [main/INFO]: Config clientSideConfig.modifyMaxVDConfig.enableExtRenderDistanceProtocol changed from true to false
[17:52:10] [main/INFO]: Disabling com.ishland.c2me.client.uncapvd.mixin
[17:52:10] [main/INFO]: Initializing com.ishland.c2me.fixes.chunkio.threading_issues.mixin
[17:52:10] [main/INFO]: Initializing com.ishland.c2me.fixes.general.threading_issues.mixin
[17:52:10] [main/INFO]: Initializing com.ishland.c2me.fixes.worldgen.threading_issues.mixin
[17:52:10] [main/INFO]: Initializing com.ishland.c2me.fixes.worldgen.vanilla_bugs.mixin
[17:52:10] [main/INFO]: Initializing com.ishland.c2me.notickvd.mixin
[17:52:10] [main/INFO]: Config noTickViewDistance.maxConcurrentChunkLoads changed from 15 to 18
[17:52:10] [main/INFO]: Config noTickViewDistance.enableExtRenderDistanceProtocol changed from true to false
[17:52:10] [main/INFO]: Config noTickViewDistance.chunkSendingSpeedMultiplierPercentage changed from 200 to 250
[17:52:10] [main/INFO]: Initializing com.ishland.c2me.opts.allocs.mixin
[17:52:10] [main/INFO]: Initializing com.ishland.c2me.opts.chunkio.mixin
[17:52:10] [main/INFO]: Initializing com.ishland.c2me.opts.dfc.mixin
[17:52:10] [main/INFO]: Initializing com.ishland.c2me.opts.math.mixin
[17:52:10] [main/INFO]: Initializing com.ishland.c2me.opts.natives_math.mixin
[17:52:10] [main/INFO]: Attempting to call native library. If your game crashes right after this point, native acceleration may not be available for your system.
[17:52:10] [main/INFO]: Detected maximum supported ISA target: AVX2
[17:52:10] [main/INFO]: Initializing com.ishland.c2me.opts.scheduling.mixin
[17:52:10] [main/INFO]: Initializing com.ishland.c2me.opts.worldgen.general.mixin
[17:52:10] [main/INFO]: Initializing com.ishland.c2me.opts.worldgen.vanilla.mixin
[17:52:10] [main/INFO]: Initializing com.ishland.c2me.rewrites.chunk_serializer.mixin
[17:52:10] [main/INFO]: Config ioSystem.gcFreeChunkSerializer changed from false to true
[17:52:10] [main/INFO]: Initializing com.ishland.c2me.rewrites.chunksystem.mixin
[17:52:10] [main/INFO]: Config chunkSystem.syncPlayerTickets changed from true to false
[17:52:10] [main/INFO]: Config chunkSystem.lowMemoryMode changed from false to true
[17:52:10] [main/INFO]: Initializing com.ishland.c2me.rewrites.chunkio.mixin
[17:52:10] [main/INFO]: Initializing com.ishland.c2me.server.utils.mixin
[17:52:10] [main/INFO]: Initializing com.ishland.c2me.threading.lighting.mixin
[17:52:10] [main/WARN]: Reference map 'entityculling.refmap.mixins.json' for entityculling.mixins.json could not be read. If this is a development environment you can ignore this message
[17:52:10] [main/WARN]: Reference map 'factory_api.refmap.json' for factory_api.mixins.json could not be read. If this is a development environment you can ignore this message
[17:52:10] [main/WARN]: Reference map 'globalpacks.refmap.json' for globalpacks.mixins.json could not be read. If this is a development environment you can ignore this message
[17:52:11] [main/WARN]: Reference map '' for kreno-fpatcher.mixins.json could not be read. If this is a development environment you can ignore this message
[17:52:11] [main/WARN]: Reference map 'legacy.refmap.json' for legacy.mixins.json could not be read. If this is a development environment you can ignore this message
[17:52:11] [main/WARN]: Reference map 'legacy_world_sizes.refmap.json' for legacy_world_sizes.mixins.json could not be read. If this is a development environment you can ignore this message
[17:52:11] [main/INFO]: Loaded configuration file for Lithium: 171 options available, 0 override(s) found.
[17:52:11] [main/WARN]: Reference map 'moderner_beta.refmap.json' for moderner_beta-common.mixins.json could not be read. If this is a development environment you can ignore this message
[17:52:11] [main/INFO]: Loaded configuration file for ModernFix 5.27.19-build.1: 68 options available, 9 override(s) found
[17:52:11] [main/WARN]: Option 'mixin.perf.release_protochunks' overriden (by mods [c2me]) to 'false'
[17:52:11] [main/WARN]: Option 'mixin.bugfix.paper_chunk_patches' overriden (by mods [c2me]) to 'false'
[17:52:11] [main/WARN]: Option 'mixin.perf.dynamic_resources' overriden (by user configuration) to 'true'
[17:52:11] [main/WARN]: Option 'mixin.perf.cache_strongholds' overriden (by mods [c2me]) to 'false'
[17:52:11] [main/WARN]: Option 'mixin.perf.clear_mixin_classinfo' overriden (by user configuration) to 'true'
[17:52:11] [main/WARN]: Option 'mixin.perf.deduplicate_location' overriden (by user configuration) to 'true'
[17:52:11] [main/WARN]: Option 'mixin.perf.dynamic_entity_renderers' overriden (by user configuration) to 'true'
[17:52:11] [main/WARN]: Option 'mixin.bugfix.chunk_deadlock' overriden (by mods [c2me]) to 'false'
[17:52:11] [main/WARN]: Option 'mixin.perf.thread_priorities' overriden (by user configuration) to 'false'
[17:52:11] [main/INFO]: Applying Nashorn fix
[17:52:11] [main/WARN]: Reference map 'modernfix.refmap.json' for modernfix-fabric.mixins.json could not be read. If this is a development environment you can ignore this message
[17:52:11] [main/WARN]: Reference map 'modernfix.refmap.json' for modernfix-common.mixins.json could not be read. If this is a development environment you can ignore this message
[17:52:11] [main/WARN]: Reference map 'nochatreports.refmap.json' for mixins/common/nochatreports.mixins.json could not be read. If this is a development environment you can ignore this message
[17:52:11] [main/WARN]: Reference map 'picturemode.refmap.json' for picturemode-common.mixins.json could not be read. If this is a development environment you can ignore this message
[17:52:11] [main/WARN]: Reference map 'renderscale.mixins.refmap.json' for renderscale.mixins.json could not be read. If this is a development environment you can ignore this message
[17:52:11] [main/INFO]: Loaded configuration file for Sodium: 37 options available, 0 override(s) found
[17:52:11] [main/WARN]: Reference map 'sspb.refmap.json' for sspb.mixins.json could not be read. If this is a development environment you can ignore this message
[17:52:11] [main/INFO]: Loaded configuration file for Whiteout: 35 options available, 0 override(s) found
[17:52:11] [main/WARN]: Reference map '' for whiteout.mixins.json could not be read. If this is a development environment you can ignore this message
[17:52:11] [main/WARN]: Reference map 'yet_another_config_lib_v3.refmap.json' for yacl.mixins.json could not be read. If this is a development environment you can ignore this message
[17:52:11] [main/WARN]: Reference map 'yet_another_config_lib_v3.refmap.json' for yacl-fabric.mixins.json could not be read. If this is a development environment you can ignore this message
[17:52:11] [main/WARN]: Error loading class: net/minecraft/client/gui/contextualbar/LocatorBar (java.lang.ClassNotFoundException: net/minecraft/client/gui/contextualbar/LocatorBar)
[17:52:11] [main/WARN]: @Mixin target net.minecraft.client.gui.contextualbar.LocatorBar was not found bannerpoint.mixins.json:client.LocatorBarRendererMixin from mod bannerpoint
[17:52:11] [main/WARN]: Error loading class: net/irisshaders/iris/layer/OuterWrappedRenderType (java.lang.ClassNotFoundException: net/irisshaders/iris/layer/OuterWrappedRenderType)
[17:52:11] [main/WARN]: Error loading class: dev/tr7zw/skinlayers/render/CustomizableModelPart (java.lang.ClassNotFoundException: dev/tr7zw/skinlayers/render/CustomizableModelPart)
[17:52:11] [main/WARN]: Mixin malte0811.ferritecore.mixin.threaddetec.PalettedContainerMixin is disabled automatically as lithium is installed
[17:52:11] [main/WARN]: Error loading class: net/minecraft/class_309 (java.lang.ClassNotFoundException: net/minecraft/class_309)
[17:52:11] [main/WARN]: @Mixin target net.minecraft.class_309 was not found fix-keyboard-on-linux.mixins.json:MixinKeyboard from mod fix-keyboard-on-linux
[17:52:11] [main/INFO]: All configurations saved
[17:52:11] [main/INFO]: Reloaded configuration: ModConfig
[17:52:11] [main/INFO]: Successfully initialized configuration manager, loaded 1 configuration classes
[17:52:11] [main/INFO]: Mixin one.pkg.kreno_fpatcher.mixin.network.experimental.ServerLoginPacketListenerImplMixin enabled
[17:52:11] [main/INFO]: Mixin one.pkg.kreno_fpatcher.mixin.network.experimental.ServerTextFilterMixin enabled
[17:52:11] [main/INFO]: Mixin one.pkg.kreno_fpatcher.mixin.network.experimental.UtilMixin enabled
[17:52:11] [main/INFO]: Mixin one.pkg.kreno_fpatcher.mixin.network.experimental.VarLongMixin enabled
[17:52:11] [main/INFO]: Mixin one.pkg.kreno_fpatcher.mixin.network.fix.Varint21FrameDecoderMixin disabled
[17:52:11] [main/INFO]: Mixin one.pkg.kreno_fpatcher.mixin.network.experimental.ClientLoginMixin disabled
[17:52:11] [main/WARN]: Error loading class: com/seibel/distanthorizons/common/render/openGl/GlDhRenderApiDefinition (java.lang.ClassNotFoundException: com/seibel/distanthorizons/common/render/openGl/GlDhRenderApiDefinition)
[17:52:11] [main/WARN]: @Mixin target com.seibel.distanthorizons.common.render.openGl.GlDhRenderApiDefinition was not found longview.mixins.json:compat.distanthorizons.GlDhRenderApiDefinitionMixin from mod longview
[17:52:11] [main/WARN]: Error loading class: com/seibel/distanthorizons/core/util/RenderUtil (java.lang.ClassNotFoundException: com/seibel/distanthorizons/core/util/RenderUtil)
[17:52:11] [main/WARN]: @Mixin target com.seibel.distanthorizons.core.util.RenderUtil was not found longview.mixins.json:compat.distanthorizons.RenderUtilMixin from mod longview
[17:52:11] [main/WARN]: Error loading class: net/irisshaders/iris/compat/dh/IrisGenericRenderProgram (java.lang.ClassNotFoundException: net/irisshaders/iris/compat/dh/IrisGenericRenderProgram)
[17:52:11] [main/WARN]: @Mixin target net.irisshaders.iris.compat.dh.IrisGenericRenderProgram was not found longview.mixins.json:compat.iris.dh.IrisGenericRenderProgramMixin from mod longview
[17:52:11] [main/WARN]: Error loading class: net/irisshaders/iris/pathways/HandRenderer (java.lang.ClassNotFoundException: net/irisshaders/iris/pathways/HandRenderer)
[17:52:11] [main/WARN]: @Mixin target net.irisshaders.iris.pathways.HandRenderer was not found longview.mixins.json:compat.iris.HandRendererMixin from mod longview
[17:52:11] [main/WARN]: Error loading class: net/irisshaders/iris/pipeline/IrisRenderingPipeline (java.lang.ClassNotFoundException: net/irisshaders/iris/pipeline/IrisRenderingPipeline)
[17:52:11] [main/WARN]: @Mixin target net.irisshaders.iris.pipeline.IrisRenderingPipeline was not found longview.mixins.json:compat.iris.IrisRenderingPipelineMixin from mod longview
[17:52:11] [main/WARN]: Error loading class: net/irisshaders/iris/shaderpack/properties/PackDirectives (java.lang.ClassNotFoundException: net/irisshaders/iris/shaderpack/properties/PackDirectives)
[17:52:11] [main/WARN]: @Mixin target net.irisshaders.iris.shaderpack.properties.PackDirectives was not found longview.mixins.json:compat.iris.PackDirectivesMixin from mod longview
[17:52:11] [main/WARN]: Error loading class: net/irisshaders/iris/shaderpack/properties/ShaderProperties (java.lang.ClassNotFoundException: net/irisshaders/iris/shaderpack/properties/ShaderProperties)
[17:52:11] [main/WARN]: @Mixin target net.irisshaders.iris.shaderpack.properties.ShaderProperties was not found longview.mixins.json:compat.iris.ShaderPropertiesMixin from mod longview
[17:52:11] [main/WARN]: Error loading class: net/irisshaders/iris/shadows/ShadowMatrices (java.lang.ClassNotFoundException: net/irisshaders/iris/shadows/ShadowMatrices)
[17:52:11] [main/WARN]: @Mixin target net.irisshaders.iris.shadows.ShadowMatrices was not found longview.mixins.json:compat.iris.ShadowMatricesMixin from mod longview
[17:52:11] [main/WARN]: Error loading class: net/irisshaders/iris/gl/shader/StandardMacros (java.lang.ClassNotFoundException: net/irisshaders/iris/gl/shader/StandardMacros)
[17:52:11] [main/WARN]: @Mixin target net.irisshaders.iris.gl.shader.StandardMacros was not found longview.mixins.json:compat.iris.StandardMacrosMixin from mod longview
[17:52:11] [main/WARN]: Error loading class: net/irisshaders/iris/pipeline/VanillaRenderingPipeline (java.lang.ClassNotFoundException: net/irisshaders/iris/pipeline/VanillaRenderingPipeline)
[17:52:11] [main/WARN]: @Mixin target net.irisshaders.iris.pipeline.VanillaRenderingPipeline was not found longview.mixins.json:compat.iris.VanillaRenderingPipeline from mod longview
[17:52:11] [main/WARN]: Error loading class: com/mamiyaotaru/voxelmap/util/VoxelMapCachedOrthoProjectionMatrixBuffer (java.lang.ClassNotFoundException: com/mamiyaotaru/voxelmap/util/VoxelMapCachedOrthoProjectionMatrixBuffer)
[17:52:11] [main/WARN]: @Mixin target com.mamiyaotaru.voxelmap.util.VoxelMapCachedOrthoProjectionMatrixBuffer was not found longview.mixins.json:compat.voxelmap.VMCOPMBMixin from mod longview
[17:52:12] [main/WARN]: Error loading class: net/irisshaders/iris/Iris (java.lang.ClassNotFoundException: net/irisshaders/iris/Iris)
[17:52:12] [main/WARN]: @Mixin target net.irisshaders.iris.Iris was not found renderscale.mixins.json:compat.iris.MixinIris from mod renderscale
[17:52:12] [main/WARN]: Error loading class: com/mojang/renderpearl/backend/vulkan/VulkanGpuSurface (java.lang.ClassNotFoundException: com/mojang/renderpearl/backend/vulkan/VulkanGpuSurface)
[17:52:12] [main/WARN]: @Mixin target com.mojang.renderpearl.backend.vulkan.VulkanGpuSurface was not found macos_input_fixes.client.mixins.json:VulkanGpuSurfaceMixin18 from mod macos_input_fixes
[17:52:12] [main/INFO]: Searching for graphics cards...
[17:52:12] [main/INFO]: Found graphics adapter: AdapterInfo{vendor=NVIDIA, description='NVIDIA GeForce RTX 3060', adapterType=0x0000030B, openglIcdFilePath='C:\Windows\System32\DriverStore\FileRepository\nvmdi.inf_amd64_3990df11758b8744\nvoglv64.dll', openglIcdVersion=32.0.16.1714}
[17:52:12] [main/WARN]: Sodium has applied one or more workarounds to prevent crashes or other issues on your system: [NVIDIA_THREADED_OPTIMIZATIONS_BROKEN]
[17:52:12] [main/WARN]: This is not necessarily an issue, but it may result in certain features or optimizations being disabled. You can sometimes fix these issues by upgrading your graphics driver.
[17:52:12] [main/INFO]: Initializing MixinExtras via com.llamalad7.mixinextras.service.MixinExtrasServiceImpl(version=0.5.5).
[17:52:13] [Datafixer Bootstrap/INFO]: 291 Datafixer optimizations took 243 milliseconds
[17:52:13] [main/INFO]: ModernFix reached bootstrap stage (4.159 s after launch)
[17:52:14] [main/WARN]: Method overwrite conflict for getTemperature in modernfix-common.mixins.json:perf.remove_biome_temperature_cache.BiomeMixin from mod modernfix, previously written by net.caffeinemc.mods.lithium.mixin.world.temperature_cache.BiomeMixin. Skipping method.
[17:52:15] [main/ERROR]: Invalid gamerule ID: legacyOffhandLimits
[17:52:15] [main/ERROR]: Invalid gamerule ID: legacyMobcapLimits
[17:52:15] [main/ERROR]: Invalid gamerule ID: legacyShieldControls
[17:52:15] [main/ERROR]: Invalid gamerule ID: locatorBar
[17:52:15] [main/ERROR]: Invalid gamerule ID: announceAdvancements
[17:52:15] [main/INFO]: Vanilla bootstrap took 2511 milliseconds
[17:52:16] [Render thread/INFO]: Environment: Environment[sessionHost=https://sessionserver.mojang.com, servicesHost=https://api.minecraftservices.com, profilesHost=https://api.mojang.com, name=PROD]
[17:52:16] [Render thread/INFO]: Setting user: ElectroBleach
[17:52:16] [Render thread/INFO]: Loaded config bannerpoint:config in 317ms
[17:52:16] [Render thread/INFO]: Bedrock Entity Models initialized!
[17:52:16] [Render thread/INFO]: Initializing Bedrock Skins Mod
[17:52:16] [Render thread/INFO]: Clarity Mod initialized
[17:52:16] [Render thread/INFO]: Loading Collective version 8.32.
[17:52:16] [Render thread/INFO]: Hello NeoForge world!
[17:52:16] [Render thread/INFO]: Customizable Player Models Initialized
[17:52:16] [Render thread/INFO]: Customizable Player Models API initialized: Loaded plugins: (0)

[17:52:16] [Render thread/INFO]: Initializing FactoryAPI!
[17:52:16] [Render thread/INFO]: ping & connect fast!
[17:52:16] [Render thread/INFO]: [Moderner Beta] Initializing Moderner Beta...
[17:52:16] [Render thread/INFO]: Initializing ModernRegSyncFix
[17:52:16] [Render thread/INFO]: To report issues, please visit https://github.com/DexrnZacAttack/ModernRegSyncFix
[17:52:16] [main/WARN]: @Final field UNSECURE_SERVER_TOAST_TITLE:Lnet/minecraft/network/chat/Component; in npe.mixins.json:client.ClientPacketListenerMixin from mod nopryingeyes should be final
[17:52:16] [main/WARN]: @Final field UNSERURE_SERVER_TOAST:Lnet/minecraft/network/chat/Component; in npe.mixins.json:client.ClientPacketListenerMixin from mod nopryingeyes should be final
[17:52:16] [Render thread/INFO]: Loading config
[17:52:16] [Render thread/INFO]: Initializing PneumonoCore
[17:52:16] [Render thread/INFO]: Constructing components for proplacer:common
[17:52:16] [Render thread/INFO]: Dispatching loading event for config proplacer-client.toml
[17:52:17] [Render thread/INFO]: Constructing components for puzzleslib:common
[17:52:17] [Render thread/INFO]: [ServerCore] Loaded V1.5.19+26.1.2!
[17:52:17] [Render thread/INFO]: [voicechat] Compatibility version 20
[17:52:17] [Render thread/INFO]: [voicechat] Loading plugins
[17:52:17] [Render thread/INFO]: [voicechat] Loaded 1 plugin(s)
[17:52:17] [Render thread/INFO]: [voicechat] Initializing plugins
[17:52:17] [Render thread/INFO]: Initializing Simple Voice Chat integration
[17:52:17] [Render thread/INFO]: [voicechat] Initialized 1 plugin(s)
[17:52:17] [Render thread/INFO]: [voicechat] Registering events for 'sound_physics_remastered'
[17:52:17] [Render thread/INFO]: Deserializing AnimatiumConfig from 'C:\Users\esteban\AppData\Roaming\PrismLauncher\instances\BasicallyLegacy\minecraft\config\animatium3.json'
[17:52:17] [Render thread/INFO]: Successfully loaded the animatium utility config!
[17:52:17] [Render thread/INFO]: Loaded config bannerpoint:client_config in 5ms
[17:52:17] [Render thread/INFO]: Bedrock Entity Models Client initialized!
[17:52:17] [Render thread/INFO]: [BetterF3] Loading...
[17:52:17] [Render thread/INFO]: [BetterF3] All done!
[17:52:17] [Render thread/INFO]: Reloading Configs
[17:52:17] [Render thread/INFO]: Customizable Player Models Client Init started
[17:52:17] [CPM Background Loading Pool-1/INFO]: [VersionChecker] Starting CPM version checker...
[17:52:17] [Render thread/INFO]: Customizable Player Models Client Initialized
[17:52:17] [Render thread/INFO]: [ETF]: Modifying ETF Render State constructor because: for EMF
[17:52:17] [Render thread/INFO]: Loading Entity Model Features, your third cousin's, dog's, previous owner's, uncle's, old boss's, fifth favourite mod!
[17:52:17] [Render thread/INFO]: [ETF]: 6 new ETF Random Properties registered by entity_model_features
[17:52:17] [Render thread/INFO]: Loading Entity Texture Features, Has Anyone Really Been Far Even as Decided to Use Even Go Want to do Look More Like?
[17:52:17] [Render thread/INFO]: [Indigo] Different rendering plugin detected; not applying Indigo.
[17:52:17] [Render thread/INFO]: Loaded config fzzy_config:keybinds in 21ms
[17:52:17] [Render thread/INFO]: Initializing Locator Lodestones
[17:52:17] [Render thread/INFO]: ModernRegSyncFix has been applied on the client.
[17:52:17] [Render thread/INFO]: ModernRegSyncFix prevents invalid entries in S2C registry syncs from disconnecting the client.
[17:52:17] [Render thread/WARN]: Using Cloth Config GUI
[17:52:17] [Render thread/INFO]: Loaded config :particle_core_config in 21ms
[17:52:17] [Render thread/INFO]: Constructing components for proplacer:client
[17:52:17] [Render thread/INFO]: Constructing components for puzzleslib:client
[17:52:17] [Render thread/INFO]: Deserializing SkyboxifyConfig from 'C:\Users\esteban\AppData\Roaming\PrismLauncher\instances\BasicallyLegacy\minecraft\config\skyboxify.json'
[17:52:18] [CPM Background Loading Pool-1/INFO]: [VersionChecker] Current: 0.6.27b Target: 0.6.27b Up-to-date
[17:52:18] [Render thread/INFO]: Reloading reverb parameters
[17:52:18] [Render thread/INFO]: [SSPB] Broken dirt path lighting is best dirt path lighting lol
[17:52:18] [Render thread/INFO]: [STDOUT]: [TRender] Initializing Client...
[17:52:18] [Render thread/INFO]: [voicechat] Initializing Opus
[17:52:18] [Render thread/INFO]: [voicechat] Successfully initialized Opus
[17:52:18] [Render thread/INFO]: [voicechat] Initializing RNNoise
[17:52:18] [Render thread/INFO]: [voicechat] Successfully initialized RNNoise
[17:52:18] [Render thread/INFO]: [voicechat] Initializing Speex
[17:52:18] [Render thread/INFO]: [voicechat] Successfully initialized Speex
[17:52:18] [Render thread/INFO]: [voicechat] Initializing LAME
[17:52:18] [Render thread/INFO]: [voicechat] Successfully initialized LAME
[17:52:18] [Render thread/INFO]: [voicechat] Using Cloth Config GUI
[17:52:18] [Render thread/INFO]: Deserializing YACLConfig from 'C:\Users\esteban\AppData\Roaming\PrismLauncher\instances\BasicallyLegacy\minecraft\config\yacl.json5'
[17:52:18] [Render thread/INFO]: Initializing mods (entrypoint yumi:init)...
[17:52:18] [Render thread/ERROR]: Registry 'moderner_beta:blocksource' was empty after loading
[17:52:18] [Render thread/INFO]: [LambdaBetterGrass] Initializing LambdaBetterGrass...
[17:52:18] [Render thread/INFO]: [LambdaBetterGrass] Configuration loaded.
[17:52:18] [Render thread/INFO]: Backend library: LWJGL version 3.4.1-snapshot
[17:52:18] [Render thread/INFO]: Modifying process environment to apply workarounds for the NVIDIA graphics driver...
[17:52:18] [Render thread/INFO]: Initializing ImmediatelyFast 1.15.3+26.1 on NVIDIA GeForce RTX 3060/PCIe/SSE2 (NVIDIA Corporation) with OpenGL 3.3.0 NVIDIA 617.14
[17:52:18] [Render thread/INFO]: Using optional rendering extensions: GL_ARB_buffer_storage, GL_KHR_debug, GL_ARB_clip_control, GL_ARB_vertex_attrib_binding, GL_ARB_direct_state_access, GL_EXT_texture_filter_anisotropic
[17:52:18] [Render thread/WARN]: Error reading pack metadata, attempting fallback type
com.google.gson.JsonParseException: Pack declares support for version newer than 64, but is missing mandatory fields min_format and max_format
	at knot//com.mojang.serialization.DataResult$Error.getOrThrow(DataResult.java:287)
	at knot//net.minecraft.server.packs.resources.ResourceMetadata$2.getSection(ResourceMetadata.java:40)
	at knot//net.minecraft.server.packs.AbstractPackResources.getMetadataSection(AbstractPackResources.java:26)
	at knot//net.minecraft.server.packs.repository.Pack.readPackMetadata(Pack.java:56)
	at knot//net.minecraft.server.packs.repository.Pack.readMetaAndCreate(Pack.java:41)
	at knot//net.minecraft.server.packs.repository.FolderRepositorySource.lambda$loadPacks$0(FolderRepositorySource.java:63)
	at knot//net.minecraft.server.packs.repository.FolderRepositorySource.discoverPacks(FolderRepositorySource.java:94)
	at knot//net.minecraft.server.packs.repository.FolderRepositorySource.loadPacks(FolderRepositorySource.java:59)
	at knot//net.minecraft.server.packs.repository.PackRepository.discoverAvailable(PackRepository.java:43)
	at knot//net.minecraft.server.packs.repository.PackRepository.reload(PackRepository.java:36)
	at knot//net.minecraft.client.Minecraft.<init>(Minecraft.java:574)
	at knot//net.minecraft.client.main.Main.main(Main.java:232)
	at net.fabricmc.loader.impl.game.minecraft.MinecraftGameProvider.launch(MinecraftGameProvider.java:517)
	at net.fabricmc.loader.impl.launch.knot.Knot.launch(Knot.java:72)
	at net.fabricmc.loader.impl.launch.knot.KnotClient.main(KnotClient.java:23)
	at org.prismlauncher.launcher.impl.StandardLauncher.launch(StandardLauncher.java:115)
	at org.prismlauncher.EntryPoint.listen(EntryPoint.java:129)
	at org.prismlauncher.EntryPoint.main(EntryPoint.java:70)
[17:52:18] [Render thread/WARN]: Error reading pack metadata, attempting fallback type
com.google.gson.JsonParseException: Pack version declaration mismatch between supported_formats (from 34) and min_format (16.0)
	at knot//com.mojang.serialization.DataResult$Error.getOrThrow(DataResult.java:287)
	at knot//net.minecraft.server.packs.resources.ResourceMetadata$2.getSection(ResourceMetadata.java:40)
	at knot//net.minecraft.server.packs.AbstractPackResources.getMetadataSection(AbstractPackResources.java:26)
	at knot//net.minecraft.server.packs.repository.Pack.readPackMetadata(Pack.java:56)
	at knot//net.minecraft.server.packs.repository.Pack.readMetaAndCreate(Pack.java:41)
	at knot//net.minecraft.server.packs.repository.FolderRepositorySource.lambda$loadPacks$0(FolderRepositorySource.java:63)
	at knot//net.minecraft.server.packs.repository.FolderRepositorySource.discoverPacks(FolderRepositorySource.java:94)
	at knot//net.minecraft.server.packs.repository.FolderRepositorySource.loadPacks(FolderRepositorySource.java:59)
	at knot//net.minecraft.server.packs.repository.PackRepository.discoverAvailable(PackRepository.java:43)
	at knot//net.minecraft.server.packs.repository.PackRepository.reload(PackRepository.java:36)
	at knot//net.minecraft.client.Minecraft.<init>(Minecraft.java:574)
	at knot//net.minecraft.client.main.Main.main(Main.java:232)
	at net.fabricmc.loader.impl.game.minecraft.MinecraftGameProvider.launch(MinecraftGameProvider.java:517)
	at net.fabricmc.loader.impl.launch.knot.Knot.launch(Knot.java:72)
	at net.fabricmc.loader.impl.launch.knot.KnotClient.main(KnotClient.java:23)
	at org.prismlauncher.launcher.impl.StandardLauncher.launch(StandardLauncher.java:115)
	at org.prismlauncher.EntryPoint.listen(EntryPoint.java:129)
	at org.prismlauncher.EntryPoint.main(EntryPoint.java:70)
[17:52:18] [Render thread/WARN]: Error reading pack metadata, attempting fallback type
com.google.gson.JsonParseException: Pack version declaration mismatch between supported_formats (from 34) and min_format (16.0)
	at knot//com.mojang.serialization.DataResult$Error.getOrThrow(DataResult.java:287)
	at knot//net.minecraft.server.packs.resources.ResourceMetadata$2.getSection(ResourceMetadata.java:40)
	at knot//net.minecraft.server.packs.AbstractPackResources.getMetadataSection(AbstractPackResources.java:26)
	at knot//net.minecraft.server.packs.repository.Pack.readPackMetadata(Pack.java:56)
	at knot//net.minecraft.server.packs.repository.Pack.readMetaAndCreate(Pack.java:41)
	at knot//net.minecraft.server.packs.repository.FolderRepositorySource.lambda$loadPacks$0(FolderRepositorySource.java:63)
	at knot//net.minecraft.server.packs.repository.FolderRepositorySource.discoverPacks(FolderRepositorySource.java:94)
	at knot//net.minecraft.server.packs.repository.FolderRepositorySource.loadPacks(FolderRepositorySource.java:59)
	at knot//net.minecraft.server.packs.repository.PackRepository.discoverAvailable(PackRepository.java:43)
	at knot//net.minecraft.server.packs.repository.PackRepository.reload(PackRepository.java:36)
	at knot//net.minecraft.client.Minecraft.<init>(Minecraft.java:574)
	at knot//net.minecraft.client.main.Main.main(Main.java:232)
	at net.fabricmc.loader.impl.game.minecraft.MinecraftGameProvider.launch(MinecraftGameProvider.java:517)
	at net.fabricmc.loader.impl.launch.knot.Knot.launch(Knot.java:72)
	at net.fabricmc.loader.impl.launch.knot.KnotClient.main(KnotClient.java:23)
	at org.prismlauncher.launcher.impl.StandardLauncher.launch(StandardLauncher.java:115)
	at org.prismlauncher.EntryPoint.listen(EntryPoint.java:129)
	at org.prismlauncher.EntryPoint.main(EntryPoint.java:70)
[17:52:18] [Render thread/WARN]: Error reading pack metadata, attempting fallback type
com.google.gson.JsonParseException: Pack declares support for version newer than 64, but is missing mandatory fields min_format and max_format
	at knot//com.mojang.serialization.DataResult$Error.getOrThrow(DataResult.java:287)
	at knot//net.minecraft.server.packs.resources.ResourceMetadata$2.getSection(ResourceMetadata.java:40)
	at knot//net.minecraft.server.packs.AbstractPackResources.getMetadataSection(AbstractPackResources.java:26)
	at knot//net.minecraft.server.packs.repository.Pack.readPackMetadata(Pack.java:56)
	at knot//net.minecraft.server.packs.repository.Pack.readMetaAndCreate(Pack.java:41)
	at knot//net.minecraft.server.packs.repository.FolderRepositorySource.lambda$loadPacks$0(FolderRepositorySource.java:63)
	at knot//net.minecraft.server.packs.repository.FolderRepositorySource.discoverPacks(FolderRepositorySource.java:94)
	at knot//net.minecraft.server.packs.repository.FolderRepositorySource.loadPacks(FolderRepositorySource.java:59)
	at knot//net.minecraft.server.packs.repository.PackRepository.discoverAvailable(PackRepository.java:43)
	at knot//net.minecraft.server.packs.repository.PackRepository.reload(PackRepository.java:36)
	at knot//net.minecraft.client.Minecraft.<init>(Minecraft.java:574)
	at knot//net.minecraft.client.main.Main.main(Main.java:232)
	at net.fabricmc.loader.impl.game.minecraft.MinecraftGameProvider.launch(MinecraftGameProvider.java:517)
	at net.fabricmc.loader.impl.launch.knot.Knot.launch(Knot.java:72)
	at net.fabricmc.loader.impl.launch.knot.KnotClient.main(KnotClient.java:23)
	at org.prismlauncher.launcher.impl.StandardLauncher.launch(StandardLauncher.java:115)
	at org.prismlauncher.EntryPoint.listen(EntryPoint.java:129)
	at org.prismlauncher.EntryPoint.main(EntryPoint.java:70)
[17:52:18] [Render thread/WARN]: Error reading pack metadata, attempting fallback type
com.google.gson.JsonParseException: Pack declares support for version newer than 64, but is missing mandatory fields min_format and max_format
	at knot//com.mojang.serialization.DataResult$Error.getOrThrow(DataResult.java:287)
	at knot//net.minecraft.server.packs.resources.ResourceMetadata$2.getSection(ResourceMetadata.java:40)
	at knot//net.minecraft.server.packs.AbstractPackResources.getMetadataSection(AbstractPackResources.java:26)
	at knot//net.minecraft.server.packs.repository.Pack.readPackMetadata(Pack.java:56)
	at knot//net.minecraft.server.packs.repository.Pack.readMetaAndCreate(Pack.java:41)
	at knot//net.minecraft.server.packs.repository.FolderRepositorySource.lambda$loadPacks$0(FolderRepositorySource.java:63)
	at knot//net.minecraft.server.packs.repository.FolderRepositorySource.discoverPacks(FolderRepositorySource.java:94)
	at knot//net.minecraft.server.packs.repository.FolderRepositorySource.loadPacks(FolderRepositorySource.java:59)
	at knot//net.minecraft.server.packs.repository.PackRepository.discoverAvailable(PackRepository.java:43)
	at knot//net.minecraft.server.packs.repository.PackRepository.reload(PackRepository.java:36)
	at knot//net.minecraft.client.Minecraft.<init>(Minecraft.java:574)
	at knot//net.minecraft.client.main.Main.main(Main.java:232)
	at net.fabricmc.loader.impl.game.minecraft.MinecraftGameProvider.launch(MinecraftGameProvider.java:517)
	at net.fabricmc.loader.impl.launch.knot.Knot.launch(Knot.java:72)
	at net.fabricmc.loader.impl.launch.knot.KnotClient.main(KnotClient.java:23)
	at org.prismlauncher.launcher.impl.StandardLauncher.launch(StandardLauncher.java:115)
	at org.prismlauncher.EntryPoint.listen(EntryPoint.java:129)
	at org.prismlauncher.EntryPoint.main(EntryPoint.java:70)
[17:52:18] [Render thread/WARN]: Error reading pack metadata, attempting fallback type
com.google.gson.JsonParseException: Pack version declaration mismatch between supported_formats (from 34) and min_format (16.0)
	at knot//com.mojang.serialization.DataResult$Error.getOrThrow(DataResult.java:287)
	at knot//net.minecraft.server.packs.resources.ResourceMetadata$2.getSection(ResourceMetadata.java:40)
	at knot//net.minecraft.server.packs.AbstractPackResources.getMetadataSection(AbstractPackResources.java:26)
	at knot//net.minecraft.server.packs.repository.Pack.readPackMetadata(Pack.java:56)
	at knot//net.minecraft.server.packs.repository.Pack.readMetaAndCreate(Pack.java:41)
	at knot//net.minecraft.server.packs.repository.FolderRepositorySource.lambda$loadPacks$0(FolderRepositorySource.java:63)
	at knot//net.minecraft.server.packs.repository.FolderRepositorySource.discoverPacks(FolderRepositorySource.java:94)
	at knot//net.minecraft.server.packs.repository.FolderRepositorySource.loadPacks(FolderRepositorySource.java:59)
	at knot//net.minecraft.server.packs.repository.PackRepository.discoverAvailable(PackRepository.java:43)
	at knot//net.minecraft.server.packs.repository.PackRepository.reload(PackRepository.java:36)
	at knot//net.minecraft.client.Minecraft.<init>(Minecraft.java:574)
	at knot//net.minecraft.client.main.Main.main(Main.java:232)
	at net.fabricmc.loader.impl.game.minecraft.MinecraftGameProvider.launch(MinecraftGameProvider.java:517)
	at net.fabricmc.loader.impl.launch.knot.Knot.launch(Knot.java:72)
	at net.fabricmc.loader.impl.launch.knot.KnotClient.main(KnotClient.java:23)
	at org.prismlauncher.launcher.impl.StandardLauncher.launch(StandardLauncher.java:115)
	at org.prismlauncher.EntryPoint.listen(EntryPoint.java:129)
	at org.prismlauncher.EntryPoint.main(EntryPoint.java:70)
[17:52:18] [Render thread/WARN]: Error reading pack metadata, attempting fallback type
com.google.gson.JsonParseException: Pack version declaration mismatch between supported_formats (from 34) and min_format (16.0)
	at knot//com.mojang.serialization.DataResult$Error.getOrThrow(DataResult.java:287)
	at knot//net.minecraft.server.packs.resources.ResourceMetadata$2.getSection(ResourceMetadata.java:40)
	at knot//net.minecraft.server.packs.AbstractPackResources.getMetadataSection(AbstractPackResources.java:26)
	at knot//net.minecraft.server.packs.repository.Pack.readPackMetadata(Pack.java:56)
	at knot//net.minecraft.server.packs.repository.Pack.readMetaAndCreate(Pack.java:41)
	at knot//net.minecraft.server.packs.repository.FolderRepositorySource.lambda$loadPacks$0(FolderRepositorySource.java:63)
	at knot//net.minecraft.server.packs.repository.FolderRepositorySource.discoverPacks(FolderRepositorySource.java:94)
	at knot//net.minecraft.server.packs.repository.FolderRepositorySource.loadPacks(FolderRepositorySource.java:59)
	at knot//net.minecraft.server.packs.repository.PackRepository.discoverAvailable(PackRepository.java:43)
	at knot//net.minecraft.server.packs.repository.PackRepository.reload(PackRepository.java:36)
	at knot//net.minecraft.client.Minecraft.<init>(Minecraft.java:574)
	at knot//net.minecraft.client.main.Main.main(Main.java:232)
	at net.fabricmc.loader.impl.game.minecraft.MinecraftGameProvider.launch(MinecraftGameProvider.java:517)
	at net.fabricmc.loader.impl.launch.knot.Knot.launch(Knot.java:72)
	at net.fabricmc.loader.impl.launch.knot.KnotClient.main(KnotClient.java:23)
	at org.prismlauncher.launcher.impl.StandardLauncher.launch(StandardLauncher.java:115)
	at org.prismlauncher.EntryPoint.listen(EntryPoint.java:129)
	at org.prismlauncher.EntryPoint.main(EntryPoint.java:70)
[17:52:18] [Render thread/WARN]: Error reading pack metadata, attempting fallback type
com.google.gson.JsonParseException: Pack declares support for version newer than 64, but is missing mandatory fields min_format and max_format
	at knot//com.mojang.serialization.DataResult$Error.getOrThrow(DataResult.java:287)
	at knot//net.minecraft.server.packs.resources.ResourceMetadata$2.getSection(ResourceMetadata.java:40)
	at knot//net.minecraft.server.packs.AbstractPackResources.getMetadataSection(AbstractPackResources.java:26)
	at knot//net.minecraft.server.packs.repository.Pack.readPackMetadata(Pack.java:56)
	at knot//net.minecraft.server.packs.repository.Pack.readMetaAndCreate(Pack.java:41)
	at knot//net.minecraft.server.packs.repository.FolderRepositorySource.lambda$loadPacks$0(FolderRepositorySource.java:63)
	at knot//net.minecraft.server.packs.repository.FolderRepositorySource.discoverPacks(FolderRepositorySource.java:94)
	at knot//net.minecraft.server.packs.repository.FolderRepositorySource.loadPacks(FolderRepositorySource.java:59)
	at knot//net.minecraft.server.packs.repository.PackRepository.discoverAvailable(PackRepository.java:43)
	at knot//net.minecraft.server.packs.repository.PackRepository.reload(PackRepository.java:36)
	at knot//net.minecraft.client.Minecraft.<init>(Minecraft.java:574)
	at knot//net.minecraft.client.main.Main.main(Main.java:232)
	at net.fabricmc.loader.impl.game.minecraft.MinecraftGameProvider.launch(MinecraftGameProvider.java:517)
	at net.fabricmc.loader.impl.launch.knot.Knot.launch(Knot.java:72)
	at net.fabricmc.loader.impl.launch.knot.KnotClient.main(KnotClient.java:23)
	at org.prismlauncher.launcher.impl.StandardLauncher.launch(StandardLauncher.java:115)
	at org.prismlauncher.EntryPoint.listen(EntryPoint.java:129)
	at org.prismlauncher.EntryPoint.main(EntryPoint.java:70)
[17:52:18] [Render thread/WARN]: Error reading pack metadata, attempting fallback type
com.google.gson.JsonParseException: Pack version declaration mismatch between supported_formats (from 34) and min_format (16.0)
	at knot//com.mojang.serialization.DataResult$Error.getOrThrow(DataResult.java:287)
	at knot//net.minecraft.server.packs.resources.ResourceMetadata$2.getSection(ResourceMetadata.java:40)
	at knot//net.minecraft.server.packs.AbstractPackResources.getMetadataSection(AbstractPackResources.java:26)
	at knot//net.minecraft.server.packs.repository.Pack.readPackMetadata(Pack.java:56)
	at knot//net.minecraft.server.packs.repository.Pack.readMetaAndCreate(Pack.java:41)
	at knot//net.brazier_modding.gdarp.pack_finders.GlobalPackFinder.lambda$loadPacks$0(GlobalPackFinder.java:87)
	at knot//net.brazier_modding.gdarp.pack_finders.GlobalPackFinder.discoverResourcePacks(GlobalPackFinder.java:165)
	at knot//net.brazier_modding.gdarp.pack_finders.GlobalPackFinder.loadPacks(GlobalPackFinder.java:78)
	at knot//net.minecraft.server.packs.repository.PackRepository.discoverAvailable(PackRepository.java:43)
	at knot//net.minecraft.server.packs.repository.PackRepository.reload(PackRepository.java:36)
	at knot//net.minecraft.client.Minecraft.<init>(Minecraft.java:574)
	at knot//net.minecraft.client.main.Main.main(Main.java:232)
	at net.fabricmc.loader.impl.game.minecraft.MinecraftGameProvider.launch(MinecraftGameProvider.java:517)
	at net.fabricmc.loader.impl.launch.knot.Knot.launch(Knot.java:72)
	at net.fabricmc.loader.impl.launch.knot.KnotClient.main(KnotClient.java:23)
	at org.prismlauncher.launcher.impl.StandardLauncher.launch(StandardLauncher.java:115)
	at org.prismlauncher.EntryPoint.listen(EntryPoint.java:129)
	at org.prismlauncher.EntryPoint.main(EntryPoint.java:70)
[17:52:18] [Render thread/WARN]: Error reading pack metadata, attempting fallback type
com.google.gson.JsonParseException: Pack version declaration mismatch between supported_formats (from 34) and min_format (16.0)
	at knot//com.mojang.serialization.DataResult$Error.getOrThrow(DataResult.java:287)
	at knot//net.minecraft.server.packs.resources.ResourceMetadata$2.getSection(ResourceMetadata.java:40)
	at knot//net.minecraft.server.packs.AbstractPackResources.getMetadataSection(AbstractPackResources.java:26)
	at knot//net.minecraft.server.packs.repository.Pack.readPackMetadata(Pack.java:56)
	at knot//net.minecraft.server.packs.repository.Pack.readMetaAndCreate(Pack.java:41)
	at knot//net.brazier_modding.gdarp.pack_finders.GlobalPackFinder.lambda$loadPacks$0(GlobalPackFinder.java:87)
	at knot//net.brazier_modding.gdarp.pack_finders.GlobalPackFinder.discoverResourcePacks(GlobalPackFinder.java:165)
	at knot//net.brazier_modding.gdarp.pack_finders.GlobalPackFinder.loadPacks(GlobalPackFinder.java:78)
	at knot//net.minecraft.server.packs.repository.PackRepository.discoverAvailable(PackRepository.java:43)
	at knot//net.minecraft.server.packs.repository.PackRepository.reload(PackRepository.java:36)
	at knot//net.minecraft.client.Minecraft.<init>(Minecraft.java:574)
	at knot//net.minecraft.client.main.Main.main(Main.java:232)
	at net.fabricmc.loader.impl.game.minecraft.MinecraftGameProvider.launch(MinecraftGameProvider.java:517)
	at net.fabricmc.loader.impl.launch.knot.Knot.launch(Knot.java:72)
	at net.fabricmc.loader.impl.launch.knot.KnotClient.main(KnotClient.java:23)
	at org.prismlauncher.launcher.impl.StandardLauncher.launch(StandardLauncher.java:115)
	at org.prismlauncher.EntryPoint.listen(EntryPoint.java:129)
	at org.prismlauncher.EntryPoint.main(EntryPoint.java:70)
[17:52:18] [Render thread/WARN]: Error reading pack metadata, attempting fallback type
com.google.gson.JsonParseException: Pack version declaration mismatch between supported_formats (from 34) and min_format (16.0)
	at knot//com.mojang.serialization.DataResult$Error.getOrThrow(DataResult.java:287)
	at knot//net.minecraft.server.packs.resources.ResourceMetadata$2.getSection(ResourceMetadata.java:40)
	at knot//net.minecraft.server.packs.AbstractPackResources.getMetadataSection(AbstractPackResources.java:26)
	at knot//net.minecraft.server.packs.repository.Pack.readPackMetadata(Pack.java:56)
	at knot//net.minecraft.server.packs.repository.Pack.readMetaAndCreate(Pack.java:41)
	at knot//net.brazier_modding.gdarp.pack_finders.GlobalPackFinder.lambda$loadPacks$0(GlobalPackFinder.java:87)
	at knot//net.brazier_modding.gdarp.pack_finders.GlobalPackFinder.discoverResourcePacks(GlobalPackFinder.java:165)
	at knot//net.brazier_modding.gdarp.pack_finders.GlobalPackFinder.loadPacks(GlobalPackFinder.java:78)
	at knot//net.minecraft.server.packs.repository.PackRepository.discoverAvailable(PackRepository.java:43)
	at knot//net.minecraft.server.packs.repository.PackRepository.reload(PackRepository.java:36)
	at knot//net.minecraft.client.Minecraft.<init>(Minecraft.java:574)
	at knot//net.minecraft.client.main.Main.main(Main.java:232)
	at net.fabricmc.loader.impl.game.minecraft.MinecraftGameProvider.launch(MinecraftGameProvider.java:517)
	at net.fabricmc.loader.impl.launch.knot.Knot.launch(Knot.java:72)
	at net.fabricmc.loader.impl.launch.knot.KnotClient.main(KnotClient.java:23)
	at org.prismlauncher.launcher.impl.StandardLauncher.launch(StandardLauncher.java:115)
	at org.prismlauncher.EntryPoint.listen(EntryPoint.java:129)
	at org.prismlauncher.EntryPoint.main(EntryPoint.java:70)
[17:52:18] [Render thread/WARN]: Error reading pack metadata, attempting fallback type
com.google.gson.JsonParseException: Pack version declaration mismatch between supported_formats (from 34) and min_format (16.0)
	at knot//com.mojang.serialization.DataResult$Error.getOrThrow(DataResult.java:287)
	at knot//net.minecraft.server.packs.resources.ResourceMetadata$2.getSection(ResourceMetadata.java:40)
	at knot//net.minecraft.server.packs.AbstractPackResources.getMetadataSection(AbstractPackResources.java:26)
	at knot//net.minecraft.server.packs.repository.Pack.readPackMetadata(Pack.java:56)
	at knot//net.minecraft.server.packs.repository.Pack.readMetaAndCreate(Pack.java:41)
	at knot//net.brazier_modding.gdarp.pack_finders.GlobalPackFinder.lambda$loadPacks$0(GlobalPackFinder.java:87)
	at knot//net.brazier_modding.gdarp.pack_finders.GlobalPackFinder.discoverResourcePacks(GlobalPackFinder.java:165)
	at knot//net.brazier_modding.gdarp.pack_finders.GlobalPackFinder.loadPacks(GlobalPackFinder.java:78)
	at knot//net.minecraft.server.packs.repository.PackRepository.discoverAvailable(PackRepository.java:43)
	at knot//net.minecraft.server.packs.repository.PackRepository.reload(PackRepository.java:36)
	at knot//net.minecraft.client.Minecraft.<init>(Minecraft.java:574)
	at knot//net.minecraft.client.main.Main.main(Main.java:232)
	at net.fabricmc.loader.impl.game.minecraft.MinecraftGameProvider.launch(MinecraftGameProvider.java:517)
	at net.fabricmc.loader.impl.launch.knot.Knot.launch(Knot.java:72)
	at net.fabricmc.loader.impl.launch.knot.KnotClient.main(KnotClient.java:23)
	at org.prismlauncher.launcher.impl.StandardLauncher.launch(StandardLauncher.java:115)
	at org.prismlauncher.EntryPoint.listen(EntryPoint.java:129)
	at org.prismlauncher.EntryPoint.main(EntryPoint.java:70)
[17:52:18] [Render thread/WARN]: Error reading pack metadata, attempting fallback type
com.google.gson.JsonParseException: Pack version declaration mismatch between supported_formats (from 34) and min_format (16.0)
	at knot//com.mojang.serialization.DataResult$Error.getOrThrow(DataResult.java:287)
	at knot//net.minecraft.server.packs.resources.ResourceMetadata$2.getSection(ResourceMetadata.java:40)
	at knot//net.minecraft.server.packs.AbstractPackResources.getMetadataSection(AbstractPackResources.java:26)
	at knot//net.minecraft.server.packs.repository.Pack.readPackMetadata(Pack.java:56)
	at knot//net.minecraft.server.packs.repository.Pack.readMetaAndCreate(Pack.java:41)
	at knot//net.brazier_modding.gdarp.pack_finders.GlobalPackFinder.lambda$loadPacks$0(GlobalPackFinder.java:87)
	at knot//net.brazier_modding.gdarp.pack_finders.GlobalPackFinder.discoverResourcePacks(GlobalPackFinder.java:165)
	at knot//net.brazier_modding.gdarp.pack_finders.GlobalPackFinder.loadPacks(GlobalPackFinder.java:78)
	at knot//net.minecraft.server.packs.repository.PackRepository.discoverAvailable(PackRepository.java:43)
	at knot//net.minecraft.server.packs.repository.PackRepository.reload(PackRepository.java:36)
	at knot//net.minecraft.client.Minecraft.<init>(Minecraft.java:574)
	at knot//net.minecraft.client.main.Main.main(Main.java:232)
	at net.fabricmc.loader.impl.game.minecraft.MinecraftGameProvider.launch(MinecraftGameProvider.java:517)
	at net.fabricmc.loader.impl.launch.knot.Knot.launch(Knot.java:72)
	at net.fabricmc.loader.impl.launch.knot.KnotClient.main(KnotClient.java:23)
	at org.prismlauncher.launcher.impl.StandardLauncher.launch(StandardLauncher.java:115)
	at org.prismlauncher.EntryPoint.listen(EntryPoint.java:129)
	at org.prismlauncher.EntryPoint.main(EntryPoint.java:70)
[17:52:18] [Render thread/WARN]: Error reading pack metadata, attempting fallback type
com.google.gson.JsonParseException: Pack version declaration mismatch between supported_formats (from 34) and min_format (16.0)
	at knot//com.mojang.serialization.DataResult$Error.getOrThrow(DataResult.java:287)
	at knot//net.minecraft.server.packs.resources.ResourceMetadata$2.getSection(ResourceMetadata.java:40)
	at knot//net.minecraft.server.packs.AbstractPackResources.getMetadataSection(AbstractPackResources.java:26)
	at knot//net.minecraft.server.packs.repository.Pack.readPackMetadata(Pack.java:56)
	at knot//net.minecraft.server.packs.repository.Pack.readMetaAndCreate(Pack.java:41)
	at knot//net.brazier_modding.gdarp.pack_finders.GlobalPackFinder.lambda$loadPacks$0(GlobalPackFinder.java:87)
	at knot//net.brazier_modding.gdarp.pack_finders.GlobalPackFinder.discoverResourcePacks(GlobalPackFinder.java:165)
	at knot//net.brazier_modding.gdarp.pack_finders.GlobalPackFinder.loadPacks(GlobalPackFinder.java:78)
	at knot//net.minecraft.server.packs.repository.PackRepository.handler$dhc000$globalpacks$globalpackls_discoverAvailable(PackRepository.java:1543)
	at knot//net.minecraft.server.packs.repository.PackRepository.discoverAvailable(PackRepository.java:45)
	at knot//net.minecraft.server.packs.repository.PackRepository.reload(PackRepository.java:36)
	at knot//net.minecraft.client.Minecraft.<init>(Minecraft.java:574)
	at knot//net.minecraft.client.main.Main.main(Main.java:232)
	at net.fabricmc.loader.impl.game.minecraft.MinecraftGameProvider.launch(MinecraftGameProvider.java:517)
	at net.fabricmc.loader.impl.launch.knot.Knot.launch(Knot.java:72)
	at net.fabricmc.loader.impl.launch.knot.KnotClient.main(KnotClient.java:23)
	at org.prismlauncher.launcher.impl.StandardLauncher.launch(StandardLauncher.java:115)
	at org.prismlauncher.EntryPoint.listen(EntryPoint.java:129)
	at org.prismlauncher.EntryPoint.main(EntryPoint.java:70)
[17:52:18] [Render thread/WARN]: Error reading pack metadata, attempting fallback type
com.google.gson.JsonParseException: Pack version declaration mismatch between supported_formats (from 34) and min_format (16.0)
	at knot//com.mojang.serialization.DataResult$Error.getOrThrow(DataResult.java:287)
	at knot//net.minecraft.server.packs.resources.ResourceMetadata$2.getSection(ResourceMetadata.java:40)
	at knot//net.minecraft.server.packs.AbstractPackResources.getMetadataSection(AbstractPackResources.java:26)
	at knot//net.minecraft.server.packs.repository.Pack.readPackMetadata(Pack.java:56)
	at knot//net.minecraft.server.packs.repository.Pack.readMetaAndCreate(Pack.java:41)
	at knot//net.brazier_modding.gdarp.pack_finders.GlobalPackFinder.lambda$loadPacks$0(GlobalPackFinder.java:87)
	at knot//net.brazier_modding.gdarp.pack_finders.GlobalPackFinder.discoverResourcePacks(GlobalPackFinder.java:165)
	at knot//net.brazier_modding.gdarp.pack_finders.GlobalPackFinder.loadPacks(GlobalPackFinder.java:78)
	at knot//net.minecraft.server.packs.repository.PackRepository.handler$dhc000$globalpacks$globalpackls_discoverAvailable(PackRepository.java:1543)
	at knot//net.minecraft.server.packs.repository.PackRepository.discoverAvailable(PackRepository.java:45)
	at knot//net.minecraft.server.packs.repository.PackRepository.reload(PackRepository.java:36)
	at knot//net.minecraft.client.Minecraft.<init>(Minecraft.java:574)
	at knot//net.minecraft.client.main.Main.main(Main.java:232)
	at net.fabricmc.loader.impl.game.minecraft.MinecraftGameProvider.launch(MinecraftGameProvider.java:517)
	at net.fabricmc.loader.impl.launch.knot.Knot.launch(Knot.java:72)
	at net.fabricmc.loader.impl.launch.knot.KnotClient.main(KnotClient.java:23)
	at org.prismlauncher.launcher.impl.StandardLauncher.launch(StandardLauncher.java:115)
	at org.prismlauncher.EntryPoint.listen(EntryPoint.java:129)
	at org.prismlauncher.EntryPoint.main(EntryPoint.java:70)
[17:52:18] [Render thread/WARN]: Error reading pack metadata, attempting fallback type
com.google.gson.JsonParseException: Pack version declaration mismatch between supported_formats (from 34) and min_format (16.0)
	at knot//com.mojang.serialization.DataResult$Error.getOrThrow(DataResult.java:287)
	at knot//net.minecraft.server.packs.resources.ResourceMetadata$2.getSection(ResourceMetadata.java:40)
	at knot//net.minecraft.server.packs.AbstractPackResources.getMetadataSection(AbstractPackResources.java:26)
	at knot//net.minecraft.server.packs.repository.Pack.readPackMetadata(Pack.java:56)
	at knot//net.minecraft.server.packs.repository.Pack.readMetaAndCreate(Pack.java:41)
	at knot//net.brazier_modding.gdarp.pack_finders.GlobalPackFinder.lambda$loadPacks$0(GlobalPackFinder.java:87)
	at knot//net.brazier_modding.gdarp.pack_finders.GlobalPackFinder.discoverResourcePacks(GlobalPackFinder.java:165)
	at knot//net.brazier_modding.gdarp.pack_finders.GlobalPackFinder.loadPacks(GlobalPackFinder.java:78)
	at knot//net.minecraft.server.packs.repository.PackRepository.handler$dhc000$globalpacks$globalpackls_discoverAvailable(PackRepository.java:1543)
	at knot//net.minecraft.server.packs.repository.PackRepository.discoverAvailable(PackRepository.java:45)
	at knot//net.minecraft.server.packs.repository.PackRepository.reload(PackRepository.java:36)
	at knot//net.minecraft.client.Minecraft.<init>(Minecraft.java:574)
	at knot//net.minecraft.client.main.Main.main(Main.java:232)
	at net.fabricmc.loader.impl.game.minecraft.MinecraftGameProvider.launch(MinecraftGameProvider.java:517)
	at net.fabricmc.loader.impl.launch.knot.Knot.launch(Knot.java:72)
	at net.fabricmc.loader.impl.launch.knot.KnotClient.main(KnotClient.java:23)
	at org.prismlauncher.launcher.impl.StandardLauncher.launch(StandardLauncher.java:115)
	at org.prismlauncher.EntryPoint.listen(EntryPoint.java:129)
	at org.prismlauncher.EntryPoint.main(EntryPoint.java:70)
[17:52:18] [Render thread/WARN]: Error reading pack metadata, attempting fallback type
com.google.gson.JsonParseException: Pack version declaration mismatch between supported_formats (from 34) and min_format (16.0)
	at knot//com.mojang.serialization.DataResult$Error.getOrThrow(DataResult.java:287)
	at knot//net.minecraft.server.packs.resources.ResourceMetadata$2.getSection(ResourceMetadata.java:40)
	at knot//net.minecraft.server.packs.AbstractPackResources.getMetadataSection(AbstractPackResources.java:26)
	at knot//net.minecraft.server.packs.repository.Pack.readPackMetadata(Pack.java:56)
	at knot//net.minecraft.server.packs.repository.Pack.readMetaAndCreate(Pack.java:41)
	at knot//net.brazier_modding.gdarp.pack_finders.GlobalPackFinder.lambda$loadPacks$0(GlobalPackFinder.java:87)
	at knot//net.brazier_modding.gdarp.pack_finders.GlobalPackFinder.discoverResourcePacks(GlobalPackFinder.java:165)
	at knot//net.brazier_modding.gdarp.pack_finders.GlobalPackFinder.loadPacks(GlobalPackFinder.java:78)
	at knot//net.minecraft.server.packs.repository.PackRepository.handler$dhc000$globalpacks$globalpackls_discoverAvailable(PackRepository.java:1543)
	at knot//net.minecraft.server.packs.repository.PackRepository.discoverAvailable(PackRepository.java:45)
	at knot//net.minecraft.server.packs.repository.PackRepository.reload(PackRepository.java:36)
	at knot//net.minecraft.client.Minecraft.<init>(Minecraft.java:574)
	at knot//net.minecraft.client.main.Main.main(Main.java:232)
	at net.fabricmc.loader.impl.game.minecraft.MinecraftGameProvider.launch(MinecraftGameProvider.java:517)
	at net.fabricmc.loader.impl.launch.knot.Knot.launch(Knot.java:72)
	at net.fabricmc.loader.impl.launch.knot.KnotClient.main(KnotClient.java:23)
	at org.prismlauncher.launcher.impl.StandardLauncher.launch(StandardLauncher.java:115)
	at org.prismlauncher.EntryPoint.listen(EntryPoint.java:129)
	at org.prismlauncher.EntryPoint.main(EntryPoint.java:70)
[17:52:18] [Render thread/WARN]: Error reading pack metadata, attempting fallback type
com.google.gson.JsonParseException: Pack version declaration mismatch between supported_formats (from 34) and min_format (16.0)
	at knot//com.mojang.serialization.DataResult$Error.getOrThrow(DataResult.java:287)
	at knot//net.minecraft.server.packs.resources.ResourceMetadata$2.getSection(ResourceMetadata.java:40)
	at knot//net.minecraft.server.packs.AbstractPackResources.getMetadataSection(AbstractPackResources.java:26)
	at knot//net.minecraft.server.packs.repository.Pack.readPackMetadata(Pack.java:56)
	at knot//net.minecraft.server.packs.repository.Pack.readMetaAndCreate(Pack.java:41)
	at knot//net.brazier_modding.gdarp.pack_finders.GlobalPackFinder.lambda$loadPacks$0(GlobalPackFinder.java:87)
	at knot//net.brazier_modding.gdarp.pack_finders.GlobalPackFinder.discoverResourcePacks(GlobalPackFinder.java:165)
	at knot//net.brazier_modding.gdarp.pack_finders.GlobalPackFinder.loadPacks(GlobalPackFinder.java:78)
	at knot//net.minecraft.server.packs.repository.PackRepository.handler$dhc000$globalpacks$globalpackls_discoverAvailable(PackRepository.java:1543)
	at knot//net.minecraft.server.packs.repository.PackRepository.discoverAvailable(PackRepository.java:45)
	at knot//net.minecraft.server.packs.repository.PackRepository.reload(PackRepository.java:36)
	at knot//net.minecraft.client.Minecraft.<init>(Minecraft.java:574)
	at knot//net.minecraft.client.main.Main.main(Main.java:232)
	at net.fabricmc.loader.impl.game.minecraft.MinecraftGameProvider.launch(MinecraftGameProvider.java:517)
	at net.fabricmc.loader.impl.launch.knot.Knot.launch(Knot.java:72)
	at net.fabricmc.loader.impl.launch.knot.KnotClient.main(KnotClient.java:23)
	at org.prismlauncher.launcher.impl.StandardLauncher.launch(StandardLauncher.java:115)
	at org.prismlauncher.EntryPoint.listen(EntryPoint.java:129)
	at org.prismlauncher.EntryPoint.main(EntryPoint.java:70)
[17:52:18] [Render thread/WARN]: Error reading pack metadata, attempting fallback type
com.google.gson.JsonParseException: Pack declares support for version newer than 64, but is missing mandatory fields min_format and max_format
	at knot//com.mojang.serialization.DataResult$Error.getOrThrow(DataResult.java:287)
	at knot//net.minecraft.server.packs.resources.ResourceMetadata$2.getSection(ResourceMetadata.java:40)
	at knot//net.minecraft.server.packs.AbstractPackResources.getMetadataSection(AbstractPackResources.java:26)
	at knot//net.minecraft.server.packs.repository.Pack.readPackMetadata(Pack.java:56)
	at knot//net.minecraft.server.packs.repository.Pack.readMetaAndCreate(Pack.java:41)
	at knot//net.minecraft.server.packs.repository.FolderRepositorySource.lambda$loadPacks$0(FolderRepositorySource.java:63)
	at knot//net.minecraft.server.packs.repository.FolderRepositorySource.discoverPacks(FolderRepositorySource.java:94)
	at knot//net.minecraft.server.packs.repository.FolderRepositorySource.loadPacks(FolderRepositorySource.java:59)
	at knot//net.minecraft.server.packs.repository.PackRepository.handler$dhc000$globalpacks$globalpackls_discoverAvailable(PackRepository.java:1559)
	at knot//net.minecraft.server.packs.repository.PackRepository.discoverAvailable(PackRepository.java:45)
	at knot//net.minecraft.server.packs.repository.PackRepository.reload(PackRepository.java:36)
	at knot//net.minecraft.client.Minecraft.<init>(Minecraft.java:574)
	at knot//net.minecraft.client.main.Main.main(Main.java:232)
	at net.fabricmc.loader.impl.game.minecraft.MinecraftGameProvider.launch(MinecraftGameProvider.java:517)
	at net.fabricmc.loader.impl.launch.knot.Knot.launch(Knot.java:72)
	at net.fabricmc.loader.impl.launch.knot.KnotClient.main(KnotClient.java:23)
	at org.prismlauncher.launcher.impl.StandardLauncher.launch(StandardLauncher.java:115)
	at org.prismlauncher.EntryPoint.listen(EntryPoint.java:129)
	at org.prismlauncher.EntryPoint.main(EntryPoint.java:70)
[17:52:18] [Render thread/WARN]: Error reading pack metadata, attempting fallback type
com.google.gson.JsonParseException: Pack version declaration mismatch between supported_formats (from 34) and min_format (16.0)
	at knot//com.mojang.serialization.DataResult$Error.getOrThrow(DataResult.java:287)
	at knot//net.minecraft.server.packs.resources.ResourceMetadata$2.getSection(ResourceMetadata.java:40)
	at knot//net.minecraft.server.packs.AbstractPackResources.getMetadataSection(AbstractPackResources.java:26)
	at knot//net.minecraft.server.packs.repository.Pack.readPackMetadata(Pack.java:56)
	at knot//net.minecraft.server.packs.repository.Pack.readMetaAndCreate(Pack.java:41)
	at knot//net.minecraft.server.packs.repository.FolderRepositorySource.lambda$loadPacks$0(FolderRepositorySource.java:63)
	at knot//net.minecraft.server.packs.repository.FolderRepositorySource.discoverPacks(FolderRepositorySource.java:94)
	at knot//net.minecraft.server.packs.repository.FolderRepositorySource.loadPacks(FolderRepositorySource.java:59)
	at knot//net.minecraft.server.packs.repository.PackRepository.handler$dhc000$globalpacks$globalpackls_discoverAvailable(PackRepository.java:1559)
	at knot//net.minecraft.server.packs.repository.PackRepository.discoverAvailable(PackRepository.java:45)
	at knot//net.minecraft.server.packs.repository.PackRepository.reload(PackRepository.java:36)
	at knot//net.minecraft.client.Minecraft.<init>(Minecraft.java:574)
	at knot//net.minecraft.client.main.Main.main(Main.java:232)
	at net.fabricmc.loader.impl.game.minecraft.MinecraftGameProvider.launch(MinecraftGameProvider.java:517)
	at net.fabricmc.loader.impl.launch.knot.Knot.launch(Knot.java:72)
	at net.fabricmc.loader.impl.launch.knot.KnotClient.main(KnotClient.java:23)
	at org.prismlauncher.launcher.impl.StandardLauncher.launch(StandardLauncher.java:115)
	at org.prismlauncher.EntryPoint.listen(EntryPoint.java:129)
	at org.prismlauncher.EntryPoint.main(EntryPoint.java:70)
[17:52:18] [Render thread/WARN]: Error reading pack metadata, attempting fallback type
com.google.gson.JsonParseException: Pack version declaration mismatch between supported_formats (from 34) and min_format (16.0)
	at knot//com.mojang.serialization.DataResult$Error.getOrThrow(DataResult.java:287)
	at knot//net.minecraft.server.packs.resources.ResourceMetadata$2.getSection(ResourceMetadata.java:40)
	at knot//net.minecraft.server.packs.AbstractPackResources.getMetadataSection(AbstractPackResources.java:26)
	at knot//net.minecraft.server.packs.repository.Pack.readPackMetadata(Pack.java:56)
	at knot//net.minecraft.server.packs.repository.Pack.readMetaAndCreate(Pack.java:41)
	at knot//net.minecraft.server.packs.repository.FolderRepositorySource.lambda$loadPacks$0(FolderRepositorySource.java:63)
	at knot//net.minecraft.server.packs.repository.FolderRepositorySource.discoverPacks(FolderRepositorySource.java:94)
	at knot//net.minecraft.server.packs.repository.FolderRepositorySource.loadPacks(FolderRepositorySource.java:59)
	at knot//net.minecraft.server.packs.repository.PackRepository.handler$dhc000$globalpacks$globalpackls_discoverAvailable(PackRepository.java:1559)
	at knot//net.minecraft.server.packs.repository.PackRepository.discoverAvailable(PackRepository.java:45)
	at knot//net.minecraft.server.packs.repository.PackRepository.reload(PackRepository.java:36)
	at knot//net.minecraft.client.Minecraft.<init>(Minecraft.java:574)
	at knot//net.minecraft.client.main.Main.main(Main.java:232)
	at net.fabricmc.loader.impl.game.minecraft.MinecraftGameProvider.launch(MinecraftGameProvider.java:517)
	at net.fabricmc.loader.impl.launch.knot.Knot.launch(Knot.java:72)
	at net.fabricmc.loader.impl.launch.knot.KnotClient.main(KnotClient.java:23)
	at org.prismlauncher.launcher.impl.StandardLauncher.launch(StandardLauncher.java:115)
	at org.prismlauncher.EntryPoint.listen(EntryPoint.java:129)
	at org.prismlauncher.EntryPoint.main(EntryPoint.java:70)
[17:52:18] [Render thread/WARN]: Error reading pack metadata, attempting fallback type
com.google.gson.JsonParseException: Pack declares support for version newer than 64, but is missing mandatory fields min_format and max_format
	at knot//com.mojang.serialization.DataResult$Error.getOrThrow(DataResult.java:287)
	at knot//net.minecraft.server.packs.resources.ResourceMetadata$2.getSection(ResourceMetadata.java:40)
	at knot//net.minecraft.server.packs.AbstractPackResources.getMetadataSection(AbstractPackResources.java:26)
	at knot//net.minecraft.server.packs.repository.Pack.readPackMetadata(Pack.java:56)
	at knot//net.minecraft.server.packs.repository.Pack.readMetaAndCreate(Pack.java:41)
	at knot//net.minecraft.server.packs.repository.FolderRepositorySource.lambda$loadPacks$0(FolderRepositorySource.java:63)
	at knot//net.minecraft.server.packs.repository.FolderRepositorySource.discoverPacks(FolderRepositorySource.java:94)
	at knot//net.minecraft.server.packs.repository.FolderRepositorySource.loadPacks(FolderRepositorySource.java:59)
	at knot//net.minecraft.server.packs.repository.PackRepository.handler$dhc000$globalpacks$globalpackls_discoverAvailable(PackRepository.java:1559)
	at knot//net.minecraft.server.packs.repository.PackRepository.discoverAvailable(PackRepository.java:45)
	at knot//net.minecraft.server.packs.repository.PackRepository.reload(PackRepository.java:36)
	at knot//net.minecraft.client.Minecraft.<init>(Minecraft.java:574)
	at knot//net.minecraft.client.main.Main.main(Main.java:232)
	at net.fabricmc.loader.impl.game.minecraft.MinecraftGameProvider.launch(MinecraftGameProvider.java:517)
	at net.fabricmc.loader.impl.launch.knot.Knot.launch(Knot.java:72)
	at net.fabricmc.loader.impl.launch.knot.KnotClient.main(KnotClient.java:23)
	at org.prismlauncher.launcher.impl.StandardLauncher.launch(StandardLauncher.java:115)
	at org.prismlauncher.EntryPoint.listen(EntryPoint.java:129)
	at org.prismlauncher.EntryPoint.main(EntryPoint.java:70)
[17:52:18] [Render thread/WARN]: Error reading pack metadata, attempting fallback type
com.google.gson.JsonParseException: Pack declares support for version newer than 64, but is missing mandatory fields min_format and max_format
	at knot//com.mojang.serialization.DataResult$Error.getOrThrow(DataResult.java:287)
	at knot//net.minecraft.server.packs.resources.ResourceMetadata$2.getSection(ResourceMetadata.java:40)
	at knot//net.minecraft.server.packs.AbstractPackResources.getMetadataSection(AbstractPackResources.java:26)
	at knot//net.minecraft.server.packs.repository.Pack.readPackMetadata(Pack.java:56)
	at knot//net.minecraft.server.packs.repository.Pack.readMetaAndCreate(Pack.java:41)
	at knot//net.minecraft.server.packs.repository.FolderRepositorySource.lambda$loadPacks$0(FolderRepositorySource.java:63)
	at knot//net.minecraft.server.packs.repository.FolderRepositorySource.discoverPacks(FolderRepositorySource.java:94)
	at knot//net.minecraft.server.packs.repository.FolderRepositorySource.loadPacks(FolderRepositorySource.java:59)
	at knot//net.minecraft.server.packs.repository.PackRepository.handler$dhc000$globalpacks$globalpackls_discoverAvailable(PackRepository.java:1559)
	at knot//net.minecraft.server.packs.repository.PackRepository.discoverAvailable(PackRepository.java:45)
	at knot//net.minecraft.server.packs.repository.PackRepository.reload(PackRepository.java:36)
	at knot//net.minecraft.client.Minecraft.<init>(Minecraft.java:574)
	at knot//net.minecraft.client.main.Main.main(Main.java:232)
	at net.fabricmc.loader.impl.game.minecraft.MinecraftGameProvider.launch(MinecraftGameProvider.java:517)
	at net.fabricmc.loader.impl.launch.knot.Knot.launch(Knot.java:72)
	at net.fabricmc.loader.impl.launch.knot.KnotClient.main(KnotClient.java:23)
	at org.prismlauncher.launcher.impl.StandardLauncher.launch(StandardLauncher.java:115)
	at org.prismlauncher.EntryPoint.listen(EntryPoint.java:129)
	at org.prismlauncher.EntryPoint.main(EntryPoint.java:70)
[17:52:18] [Render thread/WARN]: Error reading pack metadata, attempting fallback type
com.google.gson.JsonParseException: Pack version declaration mismatch between supported_formats (from 34) and min_format (16.0)
	at knot//com.mojang.serialization.DataResult$Error.getOrThrow(DataResult.java:287)
	at knot//net.minecraft.server.packs.resources.ResourceMetadata$2.getSection(ResourceMetadata.java:40)
	at knot//net.minecraft.server.packs.AbstractPackResources.getMetadataSection(AbstractPackResources.java:26)
	at knot//net.minecraft.server.packs.repository.Pack.readPackMetadata(Pack.java:56)
	at knot//net.minecraft.server.packs.repository.Pack.readMetaAndCreate(Pack.java:41)
	at knot//net.minecraft.server.packs.repository.FolderRepositorySource.lambda$loadPacks$0(FolderRepositorySource.java:63)
	at knot//net.minecraft.server.packs.repository.FolderRepositorySource.discoverPacks(FolderRepositorySource.java:94)
	at knot//net.minecraft.server.packs.repository.FolderRepositorySource.loadPacks(FolderRepositorySource.java:59)
	at knot//net.minecraft.server.packs.repository.PackRepository.handler$dhc000$globalpacks$globalpackls_discoverAvailable(PackRepository.java:1559)
	at knot//net.minecraft.server.packs.repository.PackRepository.discoverAvailable(PackRepository.java:45)
	at knot//net.minecraft.server.packs.repository.PackRepository.reload(PackRepository.java:36)
	at knot//net.minecraft.client.Minecraft.<init>(Minecraft.java:574)
	at knot//net.minecraft.client.main.Main.main(Main.java:232)
	at net.fabricmc.loader.impl.game.minecraft.MinecraftGameProvider.launch(MinecraftGameProvider.java:517)
	at net.fabricmc.loader.impl.launch.knot.Knot.launch(Knot.java:72)
	at net.fabricmc.loader.impl.launch.knot.KnotClient.main(KnotClient.java:23)
	at org.prismlauncher.launcher.impl.StandardLauncher.launch(StandardLauncher.java:115)
	at org.prismlauncher.EntryPoint.listen(EntryPoint.java:129)
	at org.prismlauncher.EntryPoint.main(EntryPoint.java:70)
[17:52:18] [Render thread/WARN]: Error reading pack metadata, attempting fallback type
com.google.gson.JsonParseException: Pack version declaration mismatch between supported_formats (from 34) and min_format (16.0)
	at knot//com.mojang.serialization.DataResult$Error.getOrThrow(DataResult.java:287)
	at knot//net.minecraft.server.packs.resources.ResourceMetadata$2.getSection(ResourceMetadata.java:40)
	at knot//net.minecraft.server.packs.AbstractPackResources.getMetadataSection(AbstractPackResources.java:26)
	at knot//net.minecraft.server.packs.repository.Pack.readPackMetadata(Pack.java:56)
	at knot//net.minecraft.server.packs.repository.Pack.readMetaAndCreate(Pack.java:41)
	at knot//net.minecraft.server.packs.repository.FolderRepositorySource.lambda$loadPacks$0(FolderRepositorySource.java:63)
	at knot//net.minecraft.server.packs.repository.FolderRepositorySource.discoverPacks(FolderRepositorySource.java:94)
	at knot//net.minecraft.server.packs.repository.FolderRepositorySource.loadPacks(FolderRepositorySource.java:59)
	at knot//net.minecraft.server.packs.repository.PackRepository.handler$dhc000$globalpacks$globalpackls_discoverAvailable(PackRepository.java:1559)
	at knot//net.minecraft.server.packs.repository.PackRepository.discoverAvailable(PackRepository.java:45)
	at knot//net.minecraft.server.packs.repository.PackRepository.reload(PackRepository.java:36)
	at knot//net.minecraft.client.Minecraft.<init>(Minecraft.java:574)
	at knot//net.minecraft.client.main.Main.main(Main.java:232)
	at net.fabricmc.loader.impl.game.minecraft.MinecraftGameProvider.launch(MinecraftGameProvider.java:517)
	at net.fabricmc.loader.impl.launch.knot.Knot.launch(Knot.java:72)
	at net.fabricmc.loader.impl.launch.knot.KnotClient.main(KnotClient.java:23)
	at org.prismlauncher.launcher.impl.StandardLauncher.launch(StandardLauncher.java:115)
	at org.prismlauncher.EntryPoint.listen(EntryPoint.java:129)
	at org.prismlauncher.EntryPoint.main(EntryPoint.java:70)
[17:52:18] [Render thread/WARN]: Error reading pack metadata, attempting fallback type
com.google.gson.JsonParseException: Pack declares support for version newer than 64, but is missing mandatory fields min_format and max_format
	at knot//com.mojang.serialization.DataResult$Error.getOrThrow(DataResult.java:287)
	at knot//net.minecraft.server.packs.resources.ResourceMetadata$2.getSection(ResourceMetadata.java:40)
	at knot//net.minecraft.server.packs.AbstractPackResources.getMetadataSection(AbstractPackResources.java:26)
	at knot//net.minecraft.server.packs.repository.Pack.readPackMetadata(Pack.java:56)
	at knot//net.minecraft.server.packs.repository.Pack.readMetaAndCreate(Pack.java:41)
	at knot//net.minecraft.server.packs.repository.FolderRepositorySource.lambda$loadPacks$0(FolderRepositorySource.java:63)
	at knot//net.minecraft.server.packs.repository.FolderRepositorySource.discoverPacks(FolderRepositorySource.java:94)
	at knot//net.minecraft.server.packs.repository.FolderRepositorySource.loadPacks(FolderRepositorySource.java:59)
	at knot//net.minecraft.server.packs.repository.PackRepository.handler$dhc000$globalpacks$globalpackls_discoverAvailable(PackRepository.java:1559)
	at knot//net.minecraft.server.packs.repository.PackRepository.discoverAvailable(PackRepository.java:45)
	at knot//net.minecraft.server.packs.repository.PackRepository.reload(PackRepository.java:36)
	at knot//net.minecraft.client.Minecraft.<init>(Minecraft.java:574)
	at knot//net.minecraft.client.main.Main.main(Main.java:232)
	at net.fabricmc.loader.impl.game.minecraft.MinecraftGameProvider.launch(MinecraftGameProvider.java:517)
	at net.fabricmc.loader.impl.launch.knot.Knot.launch(Knot.java:72)
	at net.fabricmc.loader.impl.launch.knot.KnotClient.main(KnotClient.java:23)
	at org.prismlauncher.launcher.impl.StandardLauncher.launch(StandardLauncher.java:115)
	at org.prismlauncher.EntryPoint.listen(EntryPoint.java:129)
	at org.prismlauncher.EntryPoint.main(EntryPoint.java:70)
[17:52:19] [Render thread/WARN]: Error reading pack metadata, attempting fallback type
com.google.gson.JsonParseException: Pack declares support for version newer than 64, but is missing mandatory fields min_format and max_format
	at knot//com.mojang.serialization.DataResult$Error.getOrThrow(DataResult.java:287)
	at knot//net.minecraft.server.packs.resources.ResourceMetadata$2.getSection(ResourceMetadata.java:40)
	at knot//net.minecraft.server.packs.AbstractPackResources.getMetadataSection(AbstractPackResources.java:26)
	at knot//net.minecraft.server.packs.repository.Pack.readPackMetadata(Pack.java:56)
	at knot//net.minecraft.server.packs.repository.Pack.readMetaAndCreate(Pack.java:41)
	at knot//net.minecraft.server.packs.repository.FolderRepositorySource.lambda$loadPacks$0(FolderRepositorySource.java:63)
	at knot//net.minecraft.server.packs.repository.FolderRepositorySource.discoverPacks(FolderRepositorySource.java:94)
	at knot//net.minecraft.server.packs.repository.FolderRepositorySource.loadPacks(FolderRepositorySource.java:59)
	at knot//net.minecraft.server.packs.repository.PackRepository.discoverAvailable(PackRepository.java:43)
	at knot//net.minecraft.server.packs.repository.PackRepository.reload(PackRepository.java:36)
	at knot//wily.legacy.skins.skin.SkinPackFiles.enableResourcePack(SkinPackFiles.java:48)
	at knot//wily.legacy.skins.skin.CustomSkinPackStore.enableResourcePack(CustomSkinPackStore.java:174)
	at knot//net.minecraft.client.Options.enableManagedSkinPacks(Options.java:4379)
	at knot//net.minecraft.client.Options.handler$ehn000$legacy$loadSelectedResourcePacks(Options.java:4371)
	at knot//net.minecraft.client.Options.loadSelectedResourcePacks(Options.java)
	at knot//net.minecraft.client.Minecraft.<init>(Minecraft.java:575)
	at knot//net.minecraft.client.main.Main.main(Main.java:232)
	at net.fabricmc.loader.impl.game.minecraft.MinecraftGameProvider.launch(MinecraftGameProvider.java:517)
	at net.fabricmc.loader.impl.launch.knot.Knot.launch(Knot.java:72)
	at net.fabricmc.loader.impl.launch.knot.KnotClient.main(KnotClient.java:23)
	at org.prismlauncher.launcher.impl.StandardLauncher.launch(StandardLauncher.java:115)
	at org.prismlauncher.EntryPoint.listen(EntryPoint.java:129)
	at org.prismlauncher.EntryPoint.main(EntryPoint.java:70)
[17:52:19] [Render thread/WARN]: Error reading pack metadata, attempting fallback type
com.google.gson.JsonParseException: Pack version declaration mismatch between supported_formats (from 34) and min_format (16.0)
	at knot//com.mojang.serialization.DataResult$Error.getOrThrow(DataResult.java:287)
	at knot//net.minecraft.server.packs.resources.ResourceMetadata$2.getSection(ResourceMetadata.java:40)
	at knot//net.minecraft.server.packs.AbstractPackResources.getMetadataSection(AbstractPackResources.java:26)
	at knot//net.minecraft.server.packs.repository.Pack.readPackMetadata(Pack.java:56)
	at knot//net.minecraft.server.packs.repository.Pack.readMetaAndCreate(Pack.java:41)
	at knot//net.minecraft.server.packs.repository.FolderRepositorySource.lambda$loadPacks$0(FolderRepositorySource.java:63)
	at knot//net.minecraft.server.packs.repository.FolderRepositorySource.discoverPacks(FolderRepositorySource.java:94)
	at knot//net.minecraft.server.packs.repository.FolderRepositorySource.loadPacks(FolderRepositorySource.java:59)
	at knot//net.minecraft.server.packs.repository.PackRepository.discoverAvailable(PackRepository.java:43)
	at knot//net.minecraft.server.packs.repository.PackRepository.reload(PackRepository.java:36)
	at knot//wily.legacy.skins.skin.SkinPackFiles.enableResourcePack(SkinPackFiles.java:48)
	at knot//wily.legacy.skins.skin.CustomSkinPackStore.enableResourcePack(CustomSkinPackStore.java:174)
	at knot//net.minecraft.client.Options.enableManagedSkinPacks(Options.java:4379)
	at knot//net.minecraft.client.Options.handler$ehn000$legacy$loadSelectedResourcePacks(Options.java:4371)
	at knot//net.minecraft.client.Options.loadSelectedResourcePacks(Options.java)
	at knot//net.minecraft.client.Minecraft.<init>(Minecraft.java:575)
	at knot//net.minecraft.client.main.Main.main(Main.java:232)
	at net.fabricmc.loader.impl.game.minecraft.MinecraftGameProvider.launch(MinecraftGameProvider.java:517)
	at net.fabricmc.loader.impl.launch.knot.Knot.launch(Knot.java:72)
	at net.fabricmc.loader.impl.launch.knot.KnotClient.main(KnotClient.java:23)
	at org.prismlauncher.launcher.impl.StandardLauncher.launch(StandardLauncher.java:115)
	at org.prismlauncher.EntryPoint.listen(EntryPoint.java:129)
	at org.prismlauncher.EntryPoint.main(EntryPoint.java:70)
[17:52:19] [Render thread/WARN]: Error reading pack metadata, attempting fallback type
com.google.gson.JsonParseException: Pack version declaration mismatch between supported_formats (from 34) and min_format (16.0)
	at knot//com.mojang.serialization.DataResult$Error.getOrThrow(DataResult.java:287)
	at knot//net.minecraft.server.packs.resources.ResourceMetadata$2.getSection(ResourceMetadata.java:40)
	at knot//net.minecraft.server.packs.AbstractPackResources.getMetadataSection(AbstractPackResources.java:26)
	at knot//net.minecraft.server.packs.repository.Pack.readPackMetadata(Pack.java:56)
	at knot//net.minecraft.server.packs.repository.Pack.readMetaAndCreate(Pack.java:41)
	at knot//net.minecraft.server.packs.repository.FolderRepositorySource.lambda$loadPacks$0(FolderRepositorySource.java:63)
	at knot//net.minecraft.server.packs.repository.FolderRepositorySource.discoverPacks(FolderRepositorySource.java:94)
	at knot//net.minecraft.server.packs.repository.FolderRepositorySource.loadPacks(FolderRepositorySource.java:59)
	at knot//net.minecraft.server.packs.repository.PackRepository.discoverAvailable(PackRepository.java:43)
	at knot//net.minecraft.server.packs.repository.PackRepository.reload(PackRepository.java:36)
	at knot//wily.legacy.skins.skin.SkinPackFiles.enableResourcePack(SkinPackFiles.java:48)
	at knot//wily.legacy.skins.skin.CustomSkinPackStore.enableResourcePack(CustomSkinPackStore.java:174)
	at knot//net.minecraft.client.Options.enableManagedSkinPacks(Options.java:4379)
	at knot//net.minecraft.client.Options.handler$ehn000$legacy$loadSelectedResourcePacks(Options.java:4371)
	at knot//net.minecraft.client.Options.loadSelectedResourcePacks(Options.java)
	at knot//net.minecraft.client.Minecraft.<init>(Minecraft.java:575)
	at knot//net.minecraft.client.main.Main.main(Main.java:232)
	at net.fabricmc.loader.impl.game.minecraft.MinecraftGameProvider.launch(MinecraftGameProvider.java:517)
	at net.fabricmc.loader.impl.launch.knot.Knot.launch(Knot.java:72)
	at net.fabricmc.loader.impl.launch.knot.KnotClient.main(KnotClient.java:23)
	at org.prismlauncher.launcher.impl.StandardLauncher.launch(StandardLauncher.java:115)
	at org.prismlauncher.EntryPoint.listen(EntryPoint.java:129)
	at org.prismlauncher.EntryPoint.main(EntryPoint.java:70)
[17:52:19] [Render thread/WARN]: Error reading pack metadata, attempting fallback type
com.google.gson.JsonParseException: Pack declares support for version newer than 64, but is missing mandatory fields min_format and max_format
	at knot//com.mojang.serialization.DataResult$Error.getOrThrow(DataResult.java:287)
	at knot//net.minecraft.server.packs.resources.ResourceMetadata$2.getSection(ResourceMetadata.java:40)
	at knot//net.minecraft.server.packs.AbstractPackResources.getMetadataSection(AbstractPackResources.java:26)
	at knot//net.minecraft.server.packs.repository.Pack.readPackMetadata(Pack.java:56)
	at knot//net.minecraft.server.packs.repository.Pack.readMetaAndCreate(Pack.java:41)
	at knot//net.minecraft.server.packs.repository.FolderRepositorySource.lambda$loadPacks$0(FolderRepositorySource.java:63)
	at knot//net.minecraft.server.packs.repository.FolderRepositorySource.discoverPacks(FolderRepositorySource.java:94)
	at knot//net.minecraft.server.packs.repository.FolderRepositorySource.loadPacks(FolderRepositorySource.java:59)
	at knot//net.minecraft.server.packs.repository.PackRepository.discoverAvailable(PackRepository.java:43)
	at knot//net.minecraft.server.packs.repository.PackRepository.reload(PackRepository.java:36)
	at knot//wily.legacy.skins.skin.SkinPackFiles.enableResourcePack(SkinPackFiles.java:48)
	at knot//wily.legacy.skins.skin.CustomSkinPackStore.enableResourcePack(CustomSkinPackStore.java:174)
	at knot//net.minecraft.client.Options.enableManagedSkinPacks(Options.java:4379)
	at knot//net.minecraft.client.Options.handler$ehn000$legacy$loadSelectedResourcePacks(Options.java:4371)
	at knot//net.minecraft.client.Options.loadSelectedResourcePacks(Options.java)
	at knot//net.minecraft.client.Minecraft.<init>(Minecraft.java:575)
	at knot//net.minecraft.client.main.Main.main(Main.java:232)
	at net.fabricmc.loader.impl.game.minecraft.MinecraftGameProvider.launch(MinecraftGameProvider.java:517)
	at net.fabricmc.loader.impl.launch.knot.Knot.launch(Knot.java:72)
	at net.fabricmc.loader.impl.launch.knot.KnotClient.main(KnotClient.java:23)
	at org.prismlauncher.launcher.impl.StandardLauncher.launch(StandardLauncher.java:115)
	at org.prismlauncher.EntryPoint.listen(EntryPoint.java:129)
	at org.prismlauncher.EntryPoint.main(EntryPoint.java:70)
[17:52:19] [Render thread/WARN]: Error reading pack metadata, attempting fallback type
com.google.gson.JsonParseException: Pack declares support for version newer than 64, but is missing mandatory fields min_format and max_format
	at knot//com.mojang.serialization.DataResult$Error.getOrThrow(DataResult.java:287)
	at knot//net.minecraft.server.packs.resources.ResourceMetadata$2.getSection(ResourceMetadata.java:40)
	at knot//net.minecraft.server.packs.AbstractPackResources.getMetadataSection(AbstractPackResources.java:26)
	at knot//net.minecraft.server.packs.repository.Pack.readPackMetadata(Pack.java:56)
	at knot//net.minecraft.server.packs.repository.Pack.readMetaAndCreate(Pack.java:41)
	at knot//net.minecraft.server.packs.repository.FolderRepositorySource.lambda$loadPacks$0(FolderRepositorySource.java:63)
	at knot//net.minecraft.server.packs.repository.FolderRepositorySource.discoverPacks(FolderRepositorySource.java:94)
	at knot//net.minecraft.server.packs.repository.FolderRepositorySource.loadPacks(FolderRepositorySource.java:59)
	at knot//net.minecraft.server.packs.repository.PackRepository.discoverAvailable(PackRepository.java:43)
	at knot//net.minecraft.server.packs.repository.PackRepository.reload(PackRepository.java:36)
	at knot//wily.legacy.skins.skin.SkinPackFiles.enableResourcePack(SkinPackFiles.java:48)
	at knot//wily.legacy.skins.skin.CustomSkinPackStore.enableResourcePack(CustomSkinPackStore.java:174)
	at knot//net.minecraft.client.Options.enableManagedSkinPacks(Options.java:4379)
	at knot//net.minecraft.client.Options.handler$ehn000$legacy$loadSelectedResourcePacks(Options.java:4371)
	at knot//net.minecraft.client.Options.loadSelectedResourcePacks(Options.java)
	at knot//net.minecraft.client.Minecraft.<init>(Minecraft.java:575)
	at knot//net.minecraft.client.main.Main.main(Main.java:232)
	at net.fabricmc.loader.impl.game.minecraft.MinecraftGameProvider.launch(MinecraftGameProvider.java:517)
	at net.fabricmc.loader.impl.launch.knot.Knot.launch(Knot.java:72)
	at net.fabricmc.loader.impl.launch.knot.KnotClient.main(KnotClient.java:23)
	at org.prismlauncher.launcher.impl.StandardLauncher.launch(StandardLauncher.java:115)
	at org.prismlauncher.EntryPoint.listen(EntryPoint.java:129)
	at org.prismlauncher.EntryPoint.main(EntryPoint.java:70)
[17:52:19] [Render thread/WARN]: Error reading pack metadata, attempting fallback type
com.google.gson.JsonParseException: Pack version declaration mismatch between supported_formats (from 34) and min_format (16.0)
	at knot//com.mojang.serialization.DataResult$Error.getOrThrow(DataResult.java:287)
	at knot//net.minecraft.server.packs.resources.ResourceMetadata$2.getSection(ResourceMetadata.java:40)
	at knot//net.minecraft.server.packs.AbstractPackResources.getMetadataSection(AbstractPackResources.java:26)
	at knot//net.minecraft.server.packs.repository.Pack.readPackMetadata(Pack.java:56)
	at knot//net.minecraft.server.packs.repository.Pack.readMetaAndCreate(Pack.java:41)
	at knot//net.minecraft.server.packs.repository.FolderRepositorySource.lambda$loadPacks$0(FolderRepositorySource.java:63)
	at knot//net.minecraft.server.packs.repository.FolderRepositorySource.discoverPacks(FolderRepositorySource.java:94)
	at knot//net.minecraft.server.packs.repository.FolderRepositorySource.loadPacks(FolderRepositorySource.java:59)
	at knot//net.minecraft.server.packs.repository.PackRepository.discoverAvailable(PackRepository.java:43)
	at knot//net.minecraft.server.packs.repository.PackRepository.reload(PackRepository.java:36)
	at knot//wily.legacy.skins.skin.SkinPackFiles.enableResourcePack(SkinPackFiles.java:48)
	at knot//wily.legacy.skins.skin.CustomSkinPackStore.enableResourcePack(CustomSkinPackStore.java:174)
	at knot//net.minecraft.client.Options.enableManagedSkinPacks(Options.java:4379)
	at knot//net.minecraft.client.Options.handler$ehn000$legacy$loadSelectedResourcePacks(Options.java:4371)
	at knot//net.minecraft.client.Options.loadSelectedResourcePacks(Options.java)
	at knot//net.minecraft.client.Minecraft.<init>(Minecraft.java:575)
	at knot//net.minecraft.client.main.Main.main(Main.java:232)
	at net.fabricmc.loader.impl.game.minecraft.MinecraftGameProvider.launch(MinecraftGameProvider.java:517)
	at net.fabricmc.loader.impl.launch.knot.Knot.launch(Knot.java:72)
	at net.fabricmc.loader.impl.launch.knot.KnotClient.main(KnotClient.java:23)
	at org.prismlauncher.launcher.impl.StandardLauncher.launch(StandardLauncher.java:115)
	at org.prismlauncher.EntryPoint.listen(EntryPoint.java:129)
	at org.prismlauncher.EntryPoint.main(EntryPoint.java:70)
[17:52:19] [Render thread/WARN]: Error reading pack metadata, attempting fallback type
com.google.gson.JsonParseException: Pack version declaration mismatch between supported_formats (from 34) and min_format (16.0)
	at knot//com.mojang.serialization.DataResult$Error.getOrThrow(DataResult.java:287)
	at knot//net.minecraft.server.packs.resources.ResourceMetadata$2.getSection(ResourceMetadata.java:40)
	at knot//net.minecraft.server.packs.AbstractPackResources.getMetadataSection(AbstractPackResources.java:26)
	at knot//net.minecraft.server.packs.repository.Pack.readPackMetadata(Pack.java:56)
	at knot//net.minecraft.server.packs.repository.Pack.readMetaAndCreate(Pack.java:41)
	at knot//net.minecraft.server.packs.repository.FolderRepositorySource.lambda$loadPacks$0(FolderRepositorySource.java:63)
	at knot//net.minecraft.server.packs.repository.FolderRepositorySource.discoverPacks(FolderRepositorySource.java:94)
	at knot//net.minecraft.server.packs.repository.FolderRepositorySource.loadPacks(FolderRepositorySource.java:59)
	at knot//net.minecraft.server.packs.repository.PackRepository.discoverAvailable(PackRepository.java:43)
	at knot//net.minecraft.server.packs.repository.PackRepository.reload(PackRepository.java:36)
	at knot//wily.legacy.skins.skin.SkinPackFiles.enableResourcePack(SkinPackFiles.java:48)
	at knot//wily.legacy.skins.skin.CustomSkinPackStore.enableResourcePack(CustomSkinPackStore.java:174)
	at knot//net.minecraft.client.Options.enableManagedSkinPacks(Options.java:4379)
	at knot//net.minecraft.client.Options.handler$ehn000$legacy$loadSelectedResourcePacks(Options.java:4371)
	at knot//net.minecraft.client.Options.loadSelectedResourcePacks(Options.java)
	at knot//net.minecraft.client.Minecraft.<init>(Minecraft.java:575)
	at knot//net.minecraft.client.main.Main.main(Main.java:232)
	at net.fabricmc.loader.impl.game.minecraft.MinecraftGameProvider.launch(MinecraftGameProvider.java:517)
	at net.fabricmc.loader.impl.launch.knot.Knot.launch(Knot.java:72)
	at net.fabricmc.loader.impl.launch.knot.KnotClient.main(KnotClient.java:23)
	at org.prismlauncher.launcher.impl.StandardLauncher.launch(StandardLauncher.java:115)
	at org.prismlauncher.EntryPoint.listen(EntryPoint.java:129)
	at org.prismlauncher.EntryPoint.main(EntryPoint.java:70)
[17:52:19] [Render thread/WARN]: Error reading pack metadata, attempting fallback type
com.google.gson.JsonParseException: Pack declares support for version newer than 64, but is missing mandatory fields min_format and max_format
	at knot//com.mojang.serialization.DataResult$Error.getOrThrow(DataResult.java:287)
	at knot//net.minecraft.server.packs.resources.ResourceMetadata$2.getSection(ResourceMetadata.java:40)
	at knot//net.minecraft.server.packs.AbstractPackResources.getMetadataSection(AbstractPackResources.java:26)
	at knot//net.minecraft.server.packs.repository.Pack.readPackMetadata(Pack.java:56)
	at knot//net.minecraft.server.packs.repository.Pack.readMetaAndCreate(Pack.java:41)
	at knot//net.minecraft.server.packs.repository.FolderRepositorySource.lambda$loadPacks$0(FolderRepositorySource.java:63)
	at knot//net.minecraft.server.packs.repository.FolderRepositorySource.discoverPacks(FolderRepositorySource.java:94)
	at knot//net.minecraft.server.packs.repository.FolderRepositorySource.loadPacks(FolderRepositorySource.java:59)
	at knot//net.minecraft.server.packs.repository.PackRepository.discoverAvailable(PackRepository.java:43)
	at knot//net.minecraft.server.packs.repository.PackRepository.reload(PackRepository.java:36)
	at knot//wily.legacy.skins.skin.SkinPackFiles.enableResourcePack(SkinPackFiles.java:48)
	at knot//wily.legacy.skins.skin.CustomSkinPackStore.enableResourcePack(CustomSkinPackStore.java:174)
	at knot//net.minecraft.client.Options.enableManagedSkinPacks(Options.java:4379)
	at knot//net.minecraft.client.Options.handler$ehn000$legacy$loadSelectedResourcePacks(Options.java:4371)
	at knot//net.minecraft.client.Options.loadSelectedResourcePacks(Options.java)
	at knot//net.minecraft.client.Minecraft.<init>(Minecraft.java:575)
	at knot//net.minecraft.client.main.Main.main(Main.java:232)
	at net.fabricmc.loader.impl.game.minecraft.MinecraftGameProvider.launch(MinecraftGameProvider.java:517)
	at net.fabricmc.loader.impl.launch.knot.Knot.launch(Knot.java:72)
	at net.fabricmc.loader.impl.launch.knot.KnotClient.main(KnotClient.java:23)
	at org.prismlauncher.launcher.impl.StandardLauncher.launch(StandardLauncher.java:115)
	at org.prismlauncher.EntryPoint.listen(EntryPoint.java:129)
	at org.prismlauncher.EntryPoint.main(EntryPoint.java:70)
[17:52:19] [Render thread/WARN]: Error reading pack metadata, attempting fallback type
com.google.gson.JsonParseException: Pack version declaration mismatch between supported_formats (from 34) and min_format (16.0)
	at knot//com.mojang.serialization.DataResult$Error.getOrThrow(DataResult.java:287)
	at knot//net.minecraft.server.packs.resources.ResourceMetadata$2.getSection(ResourceMetadata.java:40)
	at knot//net.minecraft.server.packs.AbstractPackResources.getMetadataSection(AbstractPackResources.java:26)
	at knot//net.minecraft.server.packs.repository.Pack.readPackMetadata(Pack.java:56)
	at knot//net.minecraft.server.packs.repository.Pack.readMetaAndCreate(Pack.java:41)
	at knot//net.brazier_modding.gdarp.pack_finders.GlobalPackFinder.lambda$loadPacks$0(GlobalPackFinder.java:87)
	at knot//net.brazier_modding.gdarp.pack_finders.GlobalPackFinder.discoverResourcePacks(GlobalPackFinder.java:165)
	at knot//net.brazier_modding.gdarp.pack_finders.GlobalPackFinder.loadPacks(GlobalPackFinder.java:78)
	at knot//net.minecraft.server.packs.repository.PackRepository.discoverAvailable(PackRepository.java:43)
	at knot//net.minecraft.server.packs.repository.PackRepository.reload(PackRepository.java:36)
	at knot//wily.legacy.skins.skin.SkinPackFiles.enableResourcePack(SkinPackFiles.java:48)
	at knot//wily.legacy.skins.skin.CustomSkinPackStore.enableResourcePack(CustomSkinPackStore.java:174)
	at knot//net.minecraft.client.Options.enableManagedSkinPacks(Options.java:4379)
	at knot//net.minecraft.client.Options.handler$ehn000$legacy$loadSelectedResourcePacks(Options.java:4371)
	at knot//net.minecraft.client.Options.loadSelectedResourcePacks(Options.java)
	at knot//net.minecraft.client.Minecraft.<init>(Minecraft.java:575)
	at knot//net.minecraft.client.main.Main.main(Main.java:232)
	at net.fabricmc.loader.impl.game.minecraft.MinecraftGameProvider.launch(MinecraftGameProvider.java:517)
	at net.fabricmc.loader.impl.launch.knot.Knot.launch(Knot.java:72)
	at net.fabricmc.loader.impl.launch.knot.KnotClient.main(KnotClient.java:23)
	at org.prismlauncher.launcher.impl.StandardLauncher.launch(StandardLauncher.java:115)
	at org.prismlauncher.EntryPoint.listen(EntryPoint.java:129)
	at org.prismlauncher.EntryPoint.main(EntryPoint.java:70)
[17:52:19] [Render thread/WARN]: Error reading pack metadata, attempting fallback type
com.google.gson.JsonParseException: Pack version declaration mismatch between supported_formats (from 34) and min_format (16.0)
	at knot//com.mojang.serialization.DataResult$Error.getOrThrow(DataResult.java:287)
	at knot//net.minecraft.server.packs.resources.ResourceMetadata$2.getSection(ResourceMetadata.java:40)
	at knot//net.minecraft.server.packs.AbstractPackResources.getMetadataSection(AbstractPackResources.java:26)
	at knot//net.minecraft.server.packs.repository.Pack.readPackMetadata(Pack.java:56)
	at knot//net.minecraft.server.packs.repository.Pack.readMetaAndCreate(Pack.java:41)
	at knot//net.brazier_modding.gdarp.pack_finders.GlobalPackFinder.lambda$loadPacks$0(GlobalPackFinder.java:87)
	at knot//net.brazier_modding.gdarp.pack_finders.GlobalPackFinder.discoverResourcePacks(GlobalPackFinder.java:165)
	at knot//net.brazier_modding.gdarp.pack_finders.GlobalPackFinder.loadPacks(GlobalPackFinder.java:78)
	at knot//net.minecraft.server.packs.repository.PackRepository.discoverAvailable(PackRepository.java:43)
	at knot//net.minecraft.server.packs.repository.PackRepository.reload(PackRepository.java:36)
	at knot//wily.legacy.skins.skin.SkinPackFiles.enableResourcePack(SkinPackFiles.java:48)
	at knot//wily.legacy.skins.skin.CustomSkinPackStore.enableResourcePack(CustomSkinPackStore.java:174)
	at knot//net.minecraft.client.Options.enableManagedSkinPacks(Options.java:4379)
	at knot//net.minecraft.client.Options.handler$ehn000$legacy$loadSelectedResourcePacks(Options.java:4371)
	at knot//net.minecraft.client.Options.loadSelectedResourcePacks(Options.java)
	at knot//net.minecraft.client.Minecraft.<init>(Minecraft.java:575)
	at knot//net.minecraft.client.main.Main.main(Main.java:232)
	at net.fabricmc.loader.impl.game.minecraft.MinecraftGameProvider.launch(MinecraftGameProvider.java:517)
	at net.fabricmc.loader.impl.launch.knot.Knot.launch(Knot.java:72)
	at net.fabricmc.loader.impl.launch.knot.KnotClient.main(KnotClient.java:23)
	at org.prismlauncher.launcher.impl.StandardLauncher.launch(StandardLauncher.java:115)
	at org.prismlauncher.EntryPoint.listen(EntryPoint.java:129)
	at org.prismlauncher.EntryPoint.main(EntryPoint.java:70)
[17:52:19] [Render thread/WARN]: Error reading pack metadata, attempting fallback type
com.google.gson.JsonParseException: Pack version declaration mismatch between supported_formats (from 34) and min_format (16.0)
	at knot//com.mojang.serialization.DataResult$Error.getOrThrow(DataResult.java:287)
	at knot//net.minecraft.server.packs.resources.ResourceMetadata$2.getSection(ResourceMetadata.java:40)
	at knot//net.minecraft.server.packs.AbstractPackResources.getMetadataSection(AbstractPackResources.java:26)
	at knot//net.minecraft.server.packs.repository.Pack.readPackMetadata(Pack.java:56)
	at knot//net.minecraft.server.packs.repository.Pack.readMetaAndCreate(Pack.java:41)
	at knot//net.brazier_modding.gdarp.pack_finders.GlobalPackFinder.lambda$loadPacks$0(GlobalPackFinder.java:87)
	at knot//net.brazier_modding.gdarp.pack_finders.GlobalPackFinder.discoverResourcePacks(GlobalPackFinder.java:165)
	at knot//net.brazier_modding.gdarp.pack_finders.GlobalPackFinder.loadPacks(GlobalPackFinder.java:78)
	at knot//net.minecraft.server.packs.repository.PackRepository.discoverAvailable(PackRepository.java:43)
	at knot//net.minecraft.server.packs.repository.PackRepository.reload(PackRepository.java:36)
	at knot//wily.legacy.skins.skin.SkinPackFiles.enableResourcePack(SkinPackFiles.java:48)
	at knot//wily.legacy.skins.skin.CustomSkinPackStore.enableResourcePack(CustomSkinPackStore.java:174)
	at knot//net.minecraft.client.Options.enableManagedSkinPacks(Options.java:4379)
	at knot//net.minecraft.client.Options.handler$ehn000$legacy$loadSelectedResourcePacks(Options.java:4371)
	at knot//net.minecraft.client.Options.loadSelectedResourcePacks(Options.java)
	at knot//net.minecraft.client.Minecraft.<init>(Minecraft.java:575)
	at knot//net.minecraft.client.main.Main.main(Main.java:232)
	at net.fabricmc.loader.impl.game.minecraft.MinecraftGameProvider.launch(MinecraftGameProvider.java:517)
	at net.fabricmc.loader.impl.launch.knot.Knot.launch(Knot.java:72)
	at net.fabricmc.loader.impl.launch.knot.KnotClient.main(KnotClient.java:23)
	at org.prismlauncher.launcher.impl.StandardLauncher.launch(StandardLauncher.java:115)
	at org.prismlauncher.EntryPoint.listen(EntryPoint.java:129)
	at org.prismlauncher.EntryPoint.main(EntryPoint.java:70)
[17:52:19] [Render thread/WARN]: Error reading pack metadata, attempting fallback type
com.google.gson.JsonParseException: Pack version declaration mismatch between supported_formats (from 34) and min_format (16.0)
	at knot//com.mojang.serialization.DataResult$Error.getOrThrow(DataResult.java:287)
	at knot//net.minecraft.server.packs.resources.ResourceMetadata$2.getSection(ResourceMetadata.java:40)
	at knot//net.minecraft.server.packs.AbstractPackResources.getMetadataSection(AbstractPackResources.java:26)
	at knot//net.minecraft.server.packs.repository.Pack.readPackMetadata(Pack.java:56)
	at knot//net.minecraft.server.packs.repository.Pack.readMetaAndCreate(Pack.java:41)
	at knot//net.brazier_modding.gdarp.pack_finders.GlobalPackFinder.lambda$loadPacks$0(GlobalPackFinder.java:87)
	at knot//net.brazier_modding.gdarp.pack_finders.GlobalPackFinder.discoverResourcePacks(GlobalPackFinder.java:165)
	at knot//net.brazier_modding.gdarp.pack_finders.GlobalPackFinder.loadPacks(GlobalPackFinder.java:78)
	at knot//net.minecraft.server.packs.repository.PackRepository.discoverAvailable(PackRepository.java:43)
	at knot//net.minecraft.server.packs.repository.PackRepository.reload(PackRepository.java:36)
	at knot//wily.legacy.skins.skin.SkinPackFiles.enableResourcePack(SkinPackFiles.java:48)
	at knot//wily.legacy.skins.skin.CustomSkinPackStore.enableResourcePack(CustomSkinPackStore.java:174)
	at knot//net.minecraft.client.Options.enableManagedSkinPacks(Options.java:4379)
	at knot//net.minecraft.client.Options.handler$ehn000$legacy$loadSelectedResourcePacks(Options.java:4371)
	at knot//net.minecraft.client.Options.loadSelectedResourcePacks(Options.java)
	at knot//net.minecraft.client.Minecraft.<init>(Minecraft.java:575)
	at knot//net.minecraft.client.main.Main.main(Main.java:232)
	at net.fabricmc.loader.impl.game.minecraft.MinecraftGameProvider.launch(MinecraftGameProvider.java:517)
	at net.fabricmc.loader.impl.launch.knot.Knot.launch(Knot.java:72)
	at net.fabricmc.loader.impl.launch.knot.KnotClient.main(KnotClient.java:23)
	at org.prismlauncher.launcher.impl.StandardLauncher.launch(StandardLauncher.java:115)
	at org.prismlauncher.EntryPoint.listen(EntryPoint.java:129)
	at org.prismlauncher.EntryPoint.main(EntryPoint.java:70)
[17:52:19] [Render thread/WARN]: Error reading pack metadata, attempting fallback type
com.google.gson.JsonParseException: Pack version declaration mismatch between supported_formats (from 34) and min_format (16.0)
	at knot//com.mojang.serialization.DataResult$Error.getOrThrow(DataResult.java:287)
	at knot//net.minecraft.server.packs.resources.ResourceMetadata$2.getSection(ResourceMetadata.java:40)
	at knot//net.minecraft.server.packs.AbstractPackResources.getMetadataSection(AbstractPackResources.java:26)
	at knot//net.minecraft.server.packs.repository.Pack.readPackMetadata(Pack.java:56)
	at knot//net.minecraft.server.packs.repository.Pack.readMetaAndCreate(Pack.java:41)
	at knot//net.brazier_modding.gdarp.pack_finders.GlobalPackFinder.lambda$loadPacks$0(GlobalPackFinder.java:87)
	at knot//net.brazier_modding.gdarp.pack_finders.GlobalPackFinder.discoverResourcePacks(GlobalPackFinder.java:165)
	at knot//net.brazier_modding.gdarp.pack_finders.GlobalPackFinder.loadPacks(GlobalPackFinder.java:78)
	at knot//net.minecraft.server.packs.repository.PackRepository.discoverAvailable(PackRepository.java:43)
	at knot//net.minecraft.server.packs.repository.PackRepository.reload(PackRepository.java:36)
	at knot//wily.legacy.skins.skin.SkinPackFiles.enableResourcePack(SkinPackFiles.java:48)
	at knot//wily.legacy.skins.skin.CustomSkinPackStore.enableResourcePack(CustomSkinPackStore.java:174)
	at knot//net.minecraft.client.Options.enableManagedSkinPacks(Options.java:4379)
	at knot//net.minecraft.client.Options.handler$ehn000$legacy$loadSelectedResourcePacks(Options.java:4371)
	at knot//net.minecraft.client.Options.loadSelectedResourcePacks(Options.java)
	at knot//net.minecraft.client.Minecraft.<init>(Minecraft.java:575)
	at knot//net.minecraft.client.main.Main.main(Main.java:232)
	at net.fabricmc.loader.impl.game.minecraft.MinecraftGameProvider.launch(MinecraftGameProvider.java:517)
	at net.fabricmc.loader.impl.launch.knot.Knot.launch(Knot.java:72)
	at net.fabricmc.loader.impl.launch.knot.KnotClient.main(KnotClient.java:23)
	at org.prismlauncher.launcher.impl.StandardLauncher.launch(StandardLauncher.java:115)
	at org.prismlauncher.EntryPoint.listen(EntryPoint.java:129)
	at org.prismlauncher.EntryPoint.main(EntryPoint.java:70)
[17:52:19] [Render thread/WARN]: Error reading pack metadata, attempting fallback type
com.google.gson.JsonParseException: Pack version declaration mismatch between supported_formats (from 34) and min_format (16.0)
	at knot//com.mojang.serialization.DataResult$Error.getOrThrow(DataResult.java:287)
	at knot//net.minecraft.server.packs.resources.ResourceMetadata$2.getSection(ResourceMetadata.java:40)
	at knot//net.minecraft.server.packs.AbstractPackResources.getMetadataSection(AbstractPackResources.java:26)
	at knot//net.minecraft.server.packs.repository.Pack.readPackMetadata(Pack.java:56)
	at knot//net.minecraft.server.packs.repository.Pack.readMetaAndCreate(Pack.java:41)
	at knot//net.brazier_modding.gdarp.pack_finders.GlobalPackFinder.lambda$loadPacks$0(GlobalPackFinder.java:87)
	at knot//net.brazier_modding.gdarp.pack_finders.GlobalPackFinder.discoverResourcePacks(GlobalPackFinder.java:165)
	at knot//net.brazier_modding.gdarp.pack_finders.GlobalPackFinder.loadPacks(GlobalPackFinder.java:78)
	at knot//net.minecraft.server.packs.repository.PackRepository.handler$dhc000$globalpacks$globalpackls_discoverAvailable(PackRepository.java:1543)
	at knot//net.minecraft.server.packs.repository.PackRepository.discoverAvailable(PackRepository.java:45)
	at knot//net.minecraft.server.packs.repository.PackRepository.reload(PackRepository.java:36)
	at knot//wily.legacy.skins.skin.SkinPackFiles.enableResourcePack(SkinPackFiles.java:48)
	at knot//wily.legacy.skins.skin.CustomSkinPackStore.enableResourcePack(CustomSkinPackStore.java:174)
	at knot//net.minecraft.client.Options.enableManagedSkinPacks(Options.java:4379)
	at knot//net.minecraft.client.Options.handler$ehn000$legacy$loadSelectedResourcePacks(Options.java:4371)
	at knot//net.minecraft.client.Options.loadSelectedResourcePacks(Options.java)
	at knot//net.minecraft.client.Minecraft.<init>(Minecraft.java:575)
	at knot//net.minecraft.client.main.Main.main(Main.java:232)
	at net.fabricmc.loader.impl.game.minecraft.MinecraftGameProvider.launch(MinecraftGameProvider.java:517)
	at net.fabricmc.loader.impl.launch.knot.Knot.launch(Knot.java:72)
	at net.fabricmc.loader.impl.launch.knot.KnotClient.main(KnotClient.java:23)
	at org.prismlauncher.launcher.impl.StandardLauncher.launch(StandardLauncher.java:115)
	at org.prismlauncher.EntryPoint.listen(EntryPoint.java:129)
	at org.prismlauncher.EntryPoint.main(EntryPoint.java:70)
[17:52:19] [Render thread/WARN]: Error reading pack metadata, attempting fallback type
com.google.gson.JsonParseException: Pack version declaration mismatch between supported_formats (from 34) and min_format (16.0)
	at knot//com.mojang.serialization.DataResult$Error.getOrThrow(DataResult.java:287)
	at knot//net.minecraft.server.packs.resources.ResourceMetadata$2.getSection(ResourceMetadata.java:40)
	at knot//net.minecraft.server.packs.AbstractPackResources.getMetadataSection(AbstractPackResources.java:26)
	at knot//net.minecraft.server.packs.repository.Pack.readPackMetadata(Pack.java:56)
	at knot//net.minecraft.server.packs.repository.Pack.readMetaAndCreate(Pack.java:41)
	at knot//net.brazier_modding.gdarp.pack_finders.GlobalPackFinder.lambda$loadPacks$0(GlobalPackFinder.java:87)
	at knot//net.brazier_modding.gdarp.pack_finders.GlobalPackFinder.discoverResourcePacks(GlobalPackFinder.java:165)
	at knot//net.brazier_modding.gdarp.pack_finders.GlobalPackFinder.loadPacks(GlobalPackFinder.java:78)
	at knot//net.minecraft.server.packs.repository.PackRepository.handler$dhc000$globalpacks$globalpackls_discoverAvailable(PackRepository.java:1543)
	at knot//net.minecraft.server.packs.repository.PackRepository.discoverAvailable(PackRepository.java:45)
	at knot//net.minecraft.server.packs.repository.PackRepository.reload(PackRepository.java:36)
	at knot//wily.legacy.skins.skin.SkinPackFiles.enableResourcePack(SkinPackFiles.java:48)
	at knot//wily.legacy.skins.skin.CustomSkinPackStore.enableResourcePack(CustomSkinPackStore.java:174)
	at knot//net.minecraft.client.Options.enableManagedSkinPacks(Options.java:4379)
	at knot//net.minecraft.client.Options.handler$ehn000$legacy$loadSelectedResourcePacks(Options.java:4371)
	at knot//net.minecraft.client.Options.loadSelectedResourcePacks(Options.java)
	at knot//net.minecraft.client.Minecraft.<init>(Minecraft.java:575)
	at knot//net.minecraft.client.main.Main.main(Main.java:232)
	at net.fabricmc.loader.impl.game.minecraft.MinecraftGameProvider.launch(MinecraftGameProvider.java:517)
	at net.fabricmc.loader.impl.launch.knot.Knot.launch(Knot.java:72)
	at net.fabricmc.loader.impl.launch.knot.KnotClient.main(KnotClient.java:23)
	at org.prismlauncher.launcher.impl.StandardLauncher.launch(StandardLauncher.java:115)
	at org.prismlauncher.EntryPoint.listen(EntryPoint.java:129)
	at org.prismlauncher.EntryPoint.main(EntryPoint.java:70)
[17:52:19] [Render thread/WARN]: Error reading pack metadata, attempting fallback type
com.google.gson.JsonParseException: Pack version declaration mismatch between supported_formats (from 34) and min_format (16.0)
	at knot//com.mojang.serialization.DataResult$Error.getOrThrow(DataResult.java:287)
	at knot//net.minecraft.server.packs.resources.ResourceMetadata$2.getSection(ResourceMetadata.java:40)
	at knot//net.minecraft.server.packs.AbstractPackResources.getMetadataSection(AbstractPackResources.java:26)
	at knot//net.minecraft.server.packs.repository.Pack.readPackMetadata(Pack.java:56)
	at knot//net.minecraft.server.packs.repository.Pack.readMetaAndCreate(Pack.java:41)
	at knot//net.brazier_modding.gdarp.pack_finders.GlobalPackFinder.lambda$loadPacks$0(GlobalPackFinder.java:87)
	at knot//net.brazier_modding.gdarp.pack_finders.GlobalPackFinder.discoverResourcePacks(GlobalPackFinder.java:165)
	at knot//net.brazier_modding.gdarp.pack_finders.GlobalPackFinder.loadPacks(GlobalPackFinder.java:78)
	at knot//net.minecraft.server.packs.repository.PackRepository.handler$dhc000$globalpacks$globalpackls_discoverAvailable(PackRepository.java:1543)
	at knot//net.minecraft.server.packs.repository.PackRepository.discoverAvailable(PackRepository.java:45)
	at knot//net.minecraft.server.packs.repository.PackRepository.reload(PackRepository.java:36)
	at knot//wily.legacy.skins.skin.SkinPackFiles.enableResourcePack(SkinPackFiles.java:48)
	at knot//wily.legacy.skins.skin.CustomSkinPackStore.enableResourcePack(CustomSkinPackStore.java:174)
	at knot//net.minecraft.client.Options.enableManagedSkinPacks(Options.java:4379)
	at knot//net.minecraft.client.Options.handler$ehn000$legacy$loadSelectedResourcePacks(Options.java:4371)
	at knot//net.minecraft.client.Options.loadSelectedResourcePacks(Options.java)
	at knot//net.minecraft.client.Minecraft.<init>(Minecraft.java:575)
	at knot//net.minecraft.client.main.Main.main(Main.java:232)
	at net.fabricmc.loader.impl.game.minecraft.MinecraftGameProvider.launch(MinecraftGameProvider.java:517)
	at net.fabricmc.loader.impl.launch.knot.Knot.launch(Knot.java:72)
	at net.fabricmc.loader.impl.launch.knot.KnotClient.main(KnotClient.java:23)
	at org.prismlauncher.launcher.impl.StandardLauncher.launch(StandardLauncher.java:115)
	at org.prismlauncher.EntryPoint.listen(EntryPoint.java:129)
	at org.prismlauncher.EntryPoint.main(EntryPoint.java:70)
[17:52:19] [Render thread/WARN]: Error reading pack metadata, attempting fallback type
com.google.gson.JsonParseException: Pack version declaration mismatch between supported_formats (from 34) and min_format (16.0)
	at knot//com.mojang.serialization.DataResult$Error.getOrThrow(DataResult.java:287)
	at knot//net.minecraft.server.packs.resources.ResourceMetadata$2.getSection(ResourceMetadata.java:40)
	at knot//net.minecraft.server.packs.AbstractPackResources.getMetadataSection(AbstractPackResources.java:26)
	at knot//net.minecraft.server.packs.repository.Pack.readPackMetadata(Pack.java:56)
	at knot//net.minecraft.server.packs.repository.Pack.readMetaAndCreate(Pack.java:41)
	at knot//net.brazier_modding.gdarp.pack_finders.GlobalPackFinder.lambda$loadPacks$0(GlobalPackFinder.java:87)
	at knot//net.brazier_modding.gdarp.pack_finders.GlobalPackFinder.discoverResourcePacks(GlobalPackFinder.java:165)
	at knot//net.brazier_modding.gdarp.pack_finders.GlobalPackFinder.loadPacks(GlobalPackFinder.java:78)
	at knot//net.minecraft.server.packs.repository.PackRepository.handler$dhc000$globalpacks$globalpackls_discoverAvailable(PackRepository.java:1543)
	at knot//net.minecraft.server.packs.repository.PackRepository.discoverAvailable(PackRepository.java:45)
	at knot//net.minecraft.server.packs.repository.PackRepository.reload(PackRepository.java:36)
	at knot//wily.legacy.skins.skin.SkinPackFiles.enableResourcePack(SkinPackFiles.java:48)
	at knot//wily.legacy.skins.skin.CustomSkinPackStore.enableResourcePack(CustomSkinPackStore.java:174)
	at knot//net.minecraft.client.Options.enableManagedSkinPacks(Options.java:4379)
	at knot//net.minecraft.client.Options.handler$ehn000$legacy$loadSelectedResourcePacks(Options.java:4371)
	at knot//net.minecraft.client.Options.loadSelectedResourcePacks(Options.java)
	at knot//net.minecraft.client.Minecraft.<init>(Minecraft.java:575)
	at knot//net.minecraft.client.main.Main.main(Main.java:232)
	at net.fabricmc.loader.impl.game.minecraft.MinecraftGameProvider.launch(MinecraftGameProvider.java:517)
	at net.fabricmc.loader.impl.launch.knot.Knot.launch(Knot.java:72)
	at net.fabricmc.loader.impl.launch.knot.KnotClient.main(KnotClient.java:23)
	at org.prismlauncher.launcher.impl.StandardLauncher.launch(StandardLauncher.java:115)
	at org.prismlauncher.EntryPoint.listen(EntryPoint.java:129)
	at org.prismlauncher.EntryPoint.main(EntryPoint.java:70)
[17:52:19] [Render thread/WARN]: Error reading pack metadata, attempting fallback type
com.google.gson.JsonParseException: Pack version declaration mismatch between supported_formats (from 34) and min_format (16.0)
	at knot//com.mojang.serialization.DataResult$Error.getOrThrow(DataResult.java:287)
	at knot//net.minecraft.server.packs.resources.ResourceMetadata$2.getSection(ResourceMetadata.java:40)
	at knot//net.minecraft.server.packs.AbstractPackResources.getMetadataSection(AbstractPackResources.java:26)
	at knot//net.minecraft.server.packs.repository.Pack.readPackMetadata(Pack.java:56)
	at knot//net.minecraft.server.packs.repository.Pack.readMetaAndCreate(Pack.java:41)
	at knot//net.brazier_modding.gdarp.pack_finders.GlobalPackFinder.lambda$loadPacks$0(GlobalPackFinder.java:87)
	at knot//net.brazier_modding.gdarp.pack_finders.GlobalPackFinder.discoverResourcePacks(GlobalPackFinder.java:165)
	at knot//net.brazier_modding.gdarp.pack_finders.GlobalPackFinder.loadPacks(GlobalPackFinder.java:78)
	at knot//net.minecraft.server.packs.repository.PackRepository.handler$dhc000$globalpacks$globalpackls_discoverAvailable(PackRepository.java:1543)
	at knot//net.minecraft.server.packs.repository.PackRepository.discoverAvailable(PackRepository.java:45)
	at knot//net.minecraft.server.packs.repository.PackRepository.reload(PackRepository.java:36)
	at knot//wily.legacy.skins.skin.SkinPackFiles.enableResourcePack(SkinPackFiles.java:48)
	at knot//wily.legacy.skins.skin.CustomSkinPackStore.enableResourcePack(CustomSkinPackStore.java:174)
	at knot//net.minecraft.client.Options.enableManagedSkinPacks(Options.java:4379)
	at knot//net.minecraft.client.Options.handler$ehn000$legacy$loadSelectedResourcePacks(Options.java:4371)
	at knot//net.minecraft.client.Options.loadSelectedResourcePacks(Options.java)
	at knot//net.minecraft.client.Minecraft.<init>(Minecraft.java:575)
	at knot//net.minecraft.client.main.Main.main(Main.java:232)
	at net.fabricmc.loader.impl.game.minecraft.MinecraftGameProvider.launch(MinecraftGameProvider.java:517)
	at net.fabricmc.loader.impl.launch.knot.Knot.launch(Knot.java:72)
	at net.fabricmc.loader.impl.launch.knot.KnotClient.main(KnotClient.java:23)
	at org.prismlauncher.launcher.impl.StandardLauncher.launch(StandardLauncher.java:115)
	at org.prismlauncher.EntryPoint.listen(EntryPoint.java:129)
	at org.prismlauncher.EntryPoint.main(EntryPoint.java:70)
[17:52:19] [Render thread/WARN]: Error reading pack metadata, attempting fallback type
com.google.gson.JsonParseException: Pack declares support for version newer than 64, but is missing mandatory fields min_format and max_format
	at knot//com.mojang.serialization.DataResult$Error.getOrThrow(DataResult.java:287)
	at knot//net.minecraft.server.packs.resources.ResourceMetadata$2.getSection(ResourceMetadata.java:40)
	at knot//net.minecraft.server.packs.AbstractPackResources.getMetadataSection(AbstractPackResources.java:26)
	at knot//net.minecraft.server.packs.repository.Pack.readPackMetadata(Pack.java:56)
	at knot//net.minecraft.server.packs.repository.Pack.readMetaAndCreate(Pack.java:41)
	at knot//net.minecraft.server.packs.repository.FolderRepositorySource.lambda$loadPacks$0(FolderRepositorySource.java:63)
	at knot//net.minecraft.server.packs.repository.FolderRepositorySource.discoverPacks(FolderRepositorySource.java:94)
	at knot//net.minecraft.server.packs.repository.FolderRepositorySource.loadPacks(FolderRepositorySource.java:59)
	at knot//net.minecraft.server.packs.repository.PackRepository.handler$dhc000$globalpacks$globalpackls_discoverAvailable(PackRepository.java:1559)
	at knot//net.minecraft.server.packs.repository.PackRepository.discoverAvailable(PackRepository.java:45)
	at knot//net.minecraft.server.packs.repository.PackRepository.reload(PackRepository.java:36)
	at knot//wily.legacy.skins.skin.SkinPackFiles.enableResourcePack(SkinPackFiles.java:48)
	at knot//wily.legacy.skins.skin.CustomSkinPackStore.enableResourcePack(CustomSkinPackStore.java:174)
	at knot//net.minecraft.client.Options.enableManagedSkinPacks(Options.java:4379)
	at knot//net.minecraft.client.Options.handler$ehn000$legacy$loadSelectedResourcePacks(Options.java:4371)
	at knot//net.minecraft.client.Options.loadSelectedResourcePacks(Options.java)
	at knot//net.minecraft.client.Minecraft.<init>(Minecraft.java:575)
	at knot//net.minecraft.client.main.Main.main(Main.java:232)
	at net.fabricmc.loader.impl.game.minecraft.MinecraftGameProvider.launch(MinecraftGameProvider.java:517)
	at net.fabricmc.loader.impl.launch.knot.Knot.launch(Knot.java:72)
	at net.fabricmc.loader.impl.launch.knot.KnotClient.main(KnotClient.java:23)
	at org.prismlauncher.launcher.impl.StandardLauncher.launch(StandardLauncher.java:115)
	at org.prismlauncher.EntryPoint.listen(EntryPoint.java:129)
	at org.prismlauncher.EntryPoint.main(EntryPoint.java:70)
[17:52:19] [Render thread/WARN]: Error reading pack metadata, attempting fallback type
com.google.gson.JsonParseException: Pack version declaration mismatch between supported_formats (from 34) and min_format (16.0)
	at knot//com.mojang.serialization.DataResult$Error.getOrThrow(DataResult.java:287)
	at knot//net.minecraft.server.packs.resources.ResourceMetadata$2.getSection(ResourceMetadata.java:40)
	at knot//net.minecraft.server.packs.AbstractPackResources.getMetadataSection(AbstractPackResources.java:26)
	at knot//net.minecraft.server.packs.repository.Pack.readPackMetadata(Pack.java:56)
	at knot//net.minecraft.server.packs.repository.Pack.readMetaAndCreate(Pack.java:41)
	at knot//net.minecraft.server.packs.repository.FolderRepositorySource.lambda$loadPacks$0(FolderRepositorySource.java:63)
	at knot//net.minecraft.server.packs.repository.FolderRepositorySource.discoverPacks(FolderRepositorySource.java:94)
	at knot//net.minecraft.server.packs.repository.FolderRepositorySource.loadPacks(FolderRepositorySource.java:59)
	at knot//net.minecraft.server.packs.repository.PackRepository.handler$dhc000$globalpacks$globalpackls_discoverAvailable(PackRepository.java:1559)
	at knot//net.minecraft.server.packs.repository.PackRepository.discoverAvailable(PackRepository.java:45)
	at knot//net.minecraft.server.packs.repository.PackRepository.reload(PackRepository.java:36)
	at knot//wily.legacy.skins.skin.SkinPackFiles.enableResourcePack(SkinPackFiles.java:48)
	at knot//wily.legacy.skins.skin.CustomSkinPackStore.enableResourcePack(CustomSkinPackStore.java:174)
	at knot//net.minecraft.client.Options.enableManagedSkinPacks(Options.java:4379)
	at knot//net.minecraft.client.Options.handler$ehn000$legacy$loadSelectedResourcePacks(Options.java:4371)
	at knot//net.minecraft.client.Options.loadSelectedResourcePacks(Options.java)
	at knot//net.minecraft.client.Minecraft.<init>(Minecraft.java:575)
	at knot//net.minecraft.client.main.Main.main(Main.java:232)
	at net.fabricmc.loader.impl.game.minecraft.MinecraftGameProvider.launch(MinecraftGameProvider.java:517)
	at net.fabricmc.loader.impl.launch.knot.Knot.launch(Knot.java:72)
	at net.fabricmc.loader.impl.launch.knot.KnotClient.main(KnotClient.java:23)
	at org.prismlauncher.launcher.impl.StandardLauncher.launch(StandardLauncher.java:115)
	at org.prismlauncher.EntryPoint.listen(EntryPoint.java:129)
	at org.prismlauncher.EntryPoint.main(EntryPoint.java:70)
[17:52:19] [Render thread/WARN]: Error reading pack metadata, attempting fallback type
com.google.gson.JsonParseException: Pack version declaration mismatch between supported_formats (from 34) and min_format (16.0)
	at knot//com.mojang.serialization.DataResult$Error.getOrThrow(DataResult.java:287)
	at knot//net.minecraft.server.packs.resources.ResourceMetadata$2.getSection(ResourceMetadata.java:40)
	at knot//net.minecraft.server.packs.AbstractPackResources.getMetadataSection(AbstractPackResources.java:26)
	at knot//net.minecraft.server.packs.repository.Pack.readPackMetadata(Pack.java:56)
	at knot//net.minecraft.server.packs.repository.Pack.readMetaAndCreate(Pack.java:41)
	at knot//net.minecraft.server.packs.repository.FolderRepositorySource.lambda$loadPacks$0(FolderRepositorySource.java:63)
	at knot//net.minecraft.server.packs.repository.FolderRepositorySource.discoverPacks(FolderRepositorySource.java:94)
	at knot//net.minecraft.server.packs.repository.FolderRepositorySource.loadPacks(FolderRepositorySource.java:59)
	at knot//net.minecraft.server.packs.repository.PackRepository.handler$dhc000$globalpacks$globalpackls_discoverAvailable(PackRepository.java:1559)
	at knot//net.minecraft.server.packs.repository.PackRepository.discoverAvailable(PackRepository.java:45)
	at knot//net.minecraft.server.packs.repository.PackRepository.reload(PackRepository.java:36)
	at knot//wily.legacy.skins.skin.SkinPackFiles.enableResourcePack(SkinPackFiles.java:48)
	at knot//wily.legacy.skins.skin.CustomSkinPackStore.enableResourcePack(CustomSkinPackStore.java:174)
	at knot//net.minecraft.client.Options.enableManagedSkinPacks(Options.java:4379)
	at knot//net.minecraft.client.Options.handler$ehn000$legacy$loadSelectedResourcePacks(Options.java:4371)
	at knot//net.minecraft.client.Options.loadSelectedResourcePacks(Options.java)
	at knot//net.minecraft.client.Minecraft.<init>(Minecraft.java:575)
	at knot//net.minecraft.client.main.Main.main(Main.java:232)
	at net.fabricmc.loader.impl.game.minecraft.MinecraftGameProvider.launch(MinecraftGameProvider.java:517)
	at net.fabricmc.loader.impl.launch.knot.Knot.launch(Knot.java:72)
	at net.fabricmc.loader.impl.launch.knot.KnotClient.main(KnotClient.java:23)
	at org.prismlauncher.launcher.impl.StandardLauncher.launch(StandardLauncher.java:115)
	at org.prismlauncher.EntryPoint.listen(EntryPoint.java:129)
	at org.prismlauncher.EntryPoint.main(EntryPoint.java:70)
[17:52:19] [Render thread/WARN]: Error reading pack metadata, attempting fallback type
com.google.gson.JsonParseException: Pack declares support for version newer than 64, but is missing mandatory fields min_format and max_format
	at knot//com.mojang.serialization.DataResult$Error.getOrThrow(DataResult.java:287)
	at knot//net.minecraft.server.packs.resources.ResourceMetadata$2.getSection(ResourceMetadata.java:40)
	at knot//net.minecraft.server.packs.AbstractPackResources.getMetadataSection(AbstractPackResources.java:26)
	at knot//net.minecraft.server.packs.repository.Pack.readPackMetadata(Pack.java:56)
	at knot//net.minecraft.server.packs.repository.Pack.readMetaAndCreate(Pack.java:41)
	at knot//net.minecraft.server.packs.repository.FolderRepositorySource.lambda$loadPacks$0(FolderRepositorySource.java:63)
	at knot//net.minecraft.server.packs.repository.FolderRepositorySource.discoverPacks(FolderRepositorySource.java:94)
	at knot//net.minecraft.server.packs.repository.FolderRepositorySource.loadPacks(FolderRepositorySource.java:59)
	at knot//net.minecraft.server.packs.repository.PackRepository.handler$dhc000$globalpacks$globalpackls_discoverAvailable(PackRepository.java:1559)
	at knot//net.minecraft.server.packs.repository.PackRepository.discoverAvailable(PackRepository.java:45)
	at knot//net.minecraft.server.packs.repository.PackRepository.reload(PackRepository.java:36)
	at knot//wily.legacy.skins.skin.SkinPackFiles.enableResourcePack(SkinPackFiles.java:48)
	at knot//wily.legacy.skins.skin.CustomSkinPackStore.enableResourcePack(CustomSkinPackStore.java:174)
	at knot//net.minecraft.client.Options.enableManagedSkinPacks(Options.java:4379)
	at knot//net.minecraft.client.Options.handler$ehn000$legacy$loadSelectedResourcePacks(Options.java:4371)
	at knot//net.minecraft.client.Options.loadSelectedResourcePacks(Options.java)
	at knot//net.minecraft.client.Minecraft.<init>(Minecraft.java:575)
	at knot//net.minecraft.client.main.Main.main(Main.java:232)
	at net.fabricmc.loader.impl.game.minecraft.MinecraftGameProvider.launch(MinecraftGameProvider.java:517)
	at net.fabricmc.loader.impl.launch.knot.Knot.launch(Knot.java:72)
	at net.fabricmc.loader.impl.launch.knot.KnotClient.main(KnotClient.java:23)
	at org.prismlauncher.launcher.impl.StandardLauncher.launch(StandardLauncher.java:115)
	at org.prismlauncher.EntryPoint.listen(EntryPoint.java:129)
	at org.prismlauncher.EntryPoint.main(EntryPoint.java:70)
[17:52:19] [Render thread/WARN]: Error reading pack metadata, attempting fallback type
com.google.gson.JsonParseException: Pack declares support for version newer than 64, but is missing mandatory fields min_format and max_format
	at knot//com.mojang.serialization.DataResult$Error.getOrThrow(DataResult.java:287)
	at knot//net.minecraft.server.packs.resources.ResourceMetadata$2.getSection(ResourceMetadata.java:40)
	at knot//net.minecraft.server.packs.AbstractPackResources.getMetadataSection(AbstractPackResources.java:26)
	at knot//net.minecraft.server.packs.repository.Pack.readPackMetadata(Pack.java:56)
	at knot//net.minecraft.server.packs.repository.Pack.readMetaAndCreate(Pack.java:41)
	at knot//net.minecraft.server.packs.repository.FolderRepositorySource.lambda$loadPacks$0(FolderRepositorySource.java:63)
	at knot//net.minecraft.server.packs.repository.FolderRepositorySource.discoverPacks(FolderRepositorySource.java:94)
	at knot//net.minecraft.server.packs.repository.FolderRepositorySource.loadPacks(FolderRepositorySource.java:59)
	at knot//net.minecraft.server.packs.repository.PackRepository.handler$dhc000$globalpacks$globalpackls_discoverAvailable(PackRepository.java:1559)
	at knot//net.minecraft.server.packs.repository.PackRepository.discoverAvailable(PackRepository.java:45)
	at knot//net.minecraft.server.packs.repository.PackRepository.reload(PackRepository.java:36)
	at knot//wily.legacy.skins.skin.SkinPackFiles.enableResourcePack(SkinPackFiles.java:48)
	at knot//wily.legacy.skins.skin.CustomSkinPackStore.enableResourcePack(CustomSkinPackStore.java:174)
	at knot//net.minecraft.client.Options.enableManagedSkinPacks(Options.java:4379)
	at knot//net.minecraft.client.Options.handler$ehn000$legacy$loadSelectedResourcePacks(Options.java:4371)
	at knot//net.minecraft.client.Options.loadSelectedResourcePacks(Options.java)
	at knot//net.minecraft.client.Minecraft.<init>(Minecraft.java:575)
	at knot//net.minecraft.client.main.Main.main(Main.java:232)
	at net.fabricmc.loader.impl.game.minecraft.MinecraftGameProvider.launch(MinecraftGameProvider.java:517)
	at net.fabricmc.loader.impl.launch.knot.Knot.launch(Knot.java:72)
	at net.fabricmc.loader.impl.launch.knot.KnotClient.main(KnotClient.java:23)
	at org.prismlauncher.launcher.impl.StandardLauncher.launch(StandardLauncher.java:115)
	at org.prismlauncher.EntryPoint.listen(EntryPoint.java:129)
	at org.prismlauncher.EntryPoint.main(EntryPoint.java:70)
[17:52:19] [Render thread/WARN]: Error reading pack metadata, attempting fallback type
com.google.gson.JsonParseException: Pack version declaration mismatch between supported_formats (from 34) and min_format (16.0)
	at knot//com.mojang.serialization.DataResult$Error.getOrThrow(DataResult.java:287)
	at knot//net.minecraft.server.packs.resources.ResourceMetadata$2.getSection(ResourceMetadata.java:40)
	at knot//net.minecraft.server.packs.AbstractPackResources.getMetadataSection(AbstractPackResources.java:26)
	at knot//net.minecraft.server.packs.repository.Pack.readPackMetadata(Pack.java:56)
	at knot//net.minecraft.server.packs.repository.Pack.readMetaAndCreate(Pack.java:41)
	at knot//net.minecraft.server.packs.repository.FolderRepositorySource.lambda$loadPacks$0(FolderRepositorySource.java:63)
	at knot//net.minecraft.server.packs.repository.FolderRepositorySource.discoverPacks(FolderRepositorySource.java:94)
	at knot//net.minecraft.server.packs.repository.FolderRepositorySource.loadPacks(FolderRepositorySource.java:59)
	at knot//net.minecraft.server.packs.repository.PackRepository.handler$dhc000$globalpacks$globalpackls_discoverAvailable(PackRepository.java:1559)
	at knot//net.minecraft.server.packs.repository.PackRepository.discoverAvailable(PackRepository.java:45)
	at knot//net.minecraft.server.packs.repository.PackRepository.reload(PackRepository.java:36)
	at knot//wily.legacy.skins.skin.SkinPackFiles.enableResourcePack(SkinPackFiles.java:48)
	at knot//wily.legacy.skins.skin.CustomSkinPackStore.enableResourcePack(CustomSkinPackStore.java:174)
	at knot//net.minecraft.client.Options.enableManagedSkinPacks(Options.java:4379)
	at knot//net.minecraft.client.Options.handler$ehn000$legacy$loadSelectedResourcePacks(Options.java:4371)
	at knot//net.minecraft.client.Options.loadSelectedResourcePacks(Options.java)
	at knot//net.minecraft.client.Minecraft.<init>(Minecraft.java:575)
	at knot//net.minecraft.client.main.Main.main(Main.java:232)
	at net.fabricmc.loader.impl.game.minecraft.MinecraftGameProvider.launch(MinecraftGameProvider.java:517)
	at net.fabricmc.loader.impl.launch.knot.Knot.launch(Knot.java:72)
	at net.fabricmc.loader.impl.launch.knot.KnotClient.main(KnotClient.java:23)
	at org.prismlauncher.launcher.impl.StandardLauncher.launch(StandardLauncher.java:115)
	at org.prismlauncher.EntryPoint.listen(EntryPoint.java:129)
	at org.prismlauncher.EntryPoint.main(EntryPoint.java:70)
[17:52:19] [Render thread/WARN]: Error reading pack metadata, attempting fallback type
com.google.gson.JsonParseException: Pack version declaration mismatch between supported_formats (from 34) and min_format (16.0)
	at knot//com.mojang.serialization.DataResult$Error.getOrThrow(DataResult.java:287)
	at knot//net.minecraft.server.packs.resources.ResourceMetadata$2.getSection(ResourceMetadata.java:40)
	at knot//net.minecraft.server.packs.AbstractPackResources.getMetadataSection(AbstractPackResources.java:26)
	at knot//net.minecraft.server.packs.repository.Pack.readPackMetadata(Pack.java:56)
	at knot//net.minecraft.server.packs.repository.Pack.readMetaAndCreate(Pack.java:41)
	at knot//net.minecraft.server.packs.repository.FolderRepositorySource.lambda$loadPacks$0(FolderRepositorySource.java:63)
	at knot//net.minecraft.server.packs.repository.FolderRepositorySource.discoverPacks(FolderRepositorySource.java:94)
	at knot//net.minecraft.server.packs.repository.FolderRepositorySource.loadPacks(FolderRepositorySource.java:59)
	at knot//net.minecraft.server.packs.repository.PackRepository.handler$dhc000$globalpacks$globalpackls_discoverAvailable(PackRepository.java:1559)
	at knot//net.minecraft.server.packs.repository.PackRepository.discoverAvailable(PackRepository.java:45)
	at knot//net.minecraft.server.packs.repository.PackRepository.reload(PackRepository.java:36)
	at knot//wily.legacy.skins.skin.SkinPackFiles.enableResourcePack(SkinPackFiles.java:48)
	at knot//wily.legacy.skins.skin.CustomSkinPackStore.enableResourcePack(CustomSkinPackStore.java:174)
	at knot//net.minecraft.client.Options.enableManagedSkinPacks(Options.java:4379)
	at knot//net.minecraft.client.Options.handler$ehn000$legacy$loadSelectedResourcePacks(Options.java:4371)
	at knot//net.minecraft.client.Options.loadSelectedResourcePacks(Options.java)
	at knot//net.minecraft.client.Minecraft.<init>(Minecraft.java:575)
	at knot//net.minecraft.client.main.Main.main(Main.java:232)
	at net.fabricmc.loader.impl.game.minecraft.MinecraftGameProvider.launch(MinecraftGameProvider.java:517)
	at net.fabricmc.loader.impl.launch.knot.Knot.launch(Knot.java:72)
	at net.fabricmc.loader.impl.launch.knot.KnotClient.main(KnotClient.java:23)
	at org.prismlauncher.launcher.impl.StandardLauncher.launch(StandardLauncher.java:115)
	at org.prismlauncher.EntryPoint.listen(EntryPoint.java:129)
	at org.prismlauncher.EntryPoint.main(EntryPoint.java:70)
[17:52:19] [Render thread/WARN]: Error reading pack metadata, attempting fallback type
com.google.gson.JsonParseException: Pack declares support for version newer than 64, but is missing mandatory fields min_format and max_format
	at knot//com.mojang.serialization.DataResult$Error.getOrThrow(DataResult.java:287)
	at knot//net.minecraft.server.packs.resources.ResourceMetadata$2.getSection(ResourceMetadata.java:40)
	at knot//net.minecraft.server.packs.AbstractPackResources.getMetadataSection(AbstractPackResources.java:26)
	at knot//net.minecraft.server.packs.repository.Pack.readPackMetadata(Pack.java:56)
	at knot//net.minecraft.server.packs.repository.Pack.readMetaAndCreate(Pack.java:41)
	at knot//net.minecraft.server.packs.repository.FolderRepositorySource.lambda$loadPacks$0(FolderRepositorySource.java:63)
	at knot//net.minecraft.server.packs.repository.FolderRepositorySource.discoverPacks(FolderRepositorySource.java:94)
	at knot//net.minecraft.server.packs.repository.FolderRepositorySource.loadPacks(FolderRepositorySource.java:59)
	at knot//net.minecraft.server.packs.repository.PackRepository.handler$dhc000$globalpacks$globalpackls_discoverAvailable(PackRepository.java:1559)
	at knot//net.minecraft.server.packs.repository.PackRepository.discoverAvailable(PackRepository.java:45)
	at knot//net.minecraft.server.packs.repository.PackRepository.reload(PackRepository.java:36)
	at knot//wily.legacy.skins.skin.SkinPackFiles.enableResourcePack(SkinPackFiles.java:48)
	at knot//wily.legacy.skins.skin.CustomSkinPackStore.enableResourcePack(CustomSkinPackStore.java:174)
	at knot//net.minecraft.client.Options.enableManagedSkinPacks(Options.java:4379)
	at knot//net.minecraft.client.Options.handler$ehn000$legacy$loadSelectedResourcePacks(Options.java:4371)
	at knot//net.minecraft.client.Options.loadSelectedResourcePacks(Options.java)
	at knot//net.minecraft.client.Minecraft.<init>(Minecraft.java:575)
	at knot//net.minecraft.client.main.Main.main(Main.java:232)
	at net.fabricmc.loader.impl.game.minecraft.MinecraftGameProvider.launch(MinecraftGameProvider.java:517)
	at net.fabricmc.loader.impl.launch.knot.Knot.launch(Knot.java:72)
	at net.fabricmc.loader.impl.launch.knot.KnotClient.main(KnotClient.java:23)
	at org.prismlauncher.launcher.impl.StandardLauncher.launch(StandardLauncher.java:115)
	at org.prismlauncher.EntryPoint.listen(EntryPoint.java:129)
	at org.prismlauncher.EntryPoint.main(EntryPoint.java:70)
[17:52:19] [Render thread/WARN]: Error reading pack metadata, attempting fallback type
com.google.gson.JsonParseException: Pack declares support for version newer than 64, but is missing mandatory fields min_format and max_format
	at knot//com.mojang.serialization.DataResult$Error.getOrThrow(DataResult.java:287)
	at knot//net.minecraft.server.packs.resources.ResourceMetadata$2.getSection(ResourceMetadata.java:40)
	at knot//net.minecraft.server.packs.AbstractPackResources.getMetadataSection(AbstractPackResources.java:26)
	at knot//net.minecraft.server.packs.repository.Pack.readPackMetadata(Pack.java:56)
	at knot//net.minecraft.server.packs.repository.Pack.readMetaAndCreate(Pack.java:41)
	at knot//net.minecraft.server.packs.repository.FolderRepositorySource.lambda$loadPacks$0(FolderRepositorySource.java:63)
	at knot//net.minecraft.server.packs.repository.FolderRepositorySource.discoverPacks(FolderRepositorySource.java:94)
	at knot//net.minecraft.server.packs.repository.FolderRepositorySource.loadPacks(FolderRepositorySource.java:59)
	at knot//net.minecraft.server.packs.repository.PackRepository.discoverAvailable(PackRepository.java:43)
	at knot//net.minecraft.server.packs.repository.PackRepository.reload(PackRepository.java:36)
	at knot//wily.legacy.skins.skin.SkinPackFiles.enableResourcePack(SkinPackFiles.java:48)
	at knot//wily.legacy.skins.skin.DownloadedSkinPackStore.enableResourcePack(DownloadedSkinPackStore.java:76)
	at knot//net.minecraft.client.Options.enableManagedSkinPacks(Options.java:4383)
	at knot//net.minecraft.client.Options.handler$ehn000$legacy$loadSelectedResourcePacks(Options.java:4371)
	at knot//net.minecraft.client.Options.loadSelectedResourcePacks(Options.java)
	at knot//net.minecraft.client.Minecraft.<init>(Minecraft.java:575)
	at knot//net.minecraft.client.main.Main.main(Main.java:232)
	at net.fabricmc.loader.impl.game.minecraft.MinecraftGameProvider.launch(MinecraftGameProvider.java:517)
	at net.fabricmc.loader.impl.launch.knot.Knot.launch(Knot.java:72)
	at net.fabricmc.loader.impl.launch.knot.KnotClient.main(KnotClient.java:23)
	at org.prismlauncher.launcher.impl.StandardLauncher.launch(StandardLauncher.java:115)
	at org.prismlauncher.EntryPoint.listen(EntryPoint.java:129)
	at org.prismlauncher.EntryPoint.main(EntryPoint.java:70)
[17:52:19] [Render thread/WARN]: Error reading pack metadata, attempting fallback type
com.google.gson.JsonParseException: Pack version declaration mismatch between supported_formats (from 34) and min_format (16.0)
	at knot//com.mojang.serialization.DataResult$Error.getOrThrow(DataResult.java:287)
	at knot//net.minecraft.server.packs.resources.ResourceMetadata$2.getSection(ResourceMetadata.java:40)
	at knot//net.minecraft.server.packs.AbstractPackResources.getMetadataSection(AbstractPackResources.java:26)
	at knot//net.minecraft.server.packs.repository.Pack.readPackMetadata(Pack.java:56)
	at knot//net.minecraft.server.packs.repository.Pack.readMetaAndCreate(Pack.java:41)
	at knot//net.minecraft.server.packs.repository.FolderRepositorySource.lambda$loadPacks$0(FolderRepositorySource.java:63)
	at knot//net.minecraft.server.packs.repository.FolderRepositorySource.discoverPacks(FolderRepositorySource.java:94)
	at knot//net.minecraft.server.packs.repository.FolderRepositorySource.loadPacks(FolderRepositorySource.java:59)
	at knot//net.minecraft.server.packs.repository.PackRepository.discoverAvailable(PackRepository.java:43)
	at knot//net.minecraft.server.packs.repository.PackRepository.reload(PackRepository.java:36)
	at knot//wily.legacy.skins.skin.SkinPackFiles.enableResourcePack(SkinPackFiles.java:48)
	at knot//wily.legacy.skins.skin.DownloadedSkinPackStore.enableResourcePack(DownloadedSkinPackStore.java:76)
	at knot//net.minecraft.client.Options.enableManagedSkinPacks(Options.java:4383)
	at knot//net.minecraft.client.Options.handler$ehn000$legacy$loadSelectedResourcePacks(Options.java:4371)
	at knot//net.minecraft.client.Options.loadSelectedResourcePacks(Options.java)
	at knot//net.minecraft.client.Minecraft.<init>(Minecraft.java:575)
	at knot//net.minecraft.client.main.Main.main(Main.java:232)
	at net.fabricmc.loader.impl.game.minecraft.MinecraftGameProvider.launch(MinecraftGameProvider.java:517)
	at net.fabricmc.loader.impl.launch.knot.Knot.launch(Knot.java:72)
	at net.fabricmc.loader.impl.launch.knot.KnotClient.main(KnotClient.java:23)
	at org.prismlauncher.launcher.impl.StandardLauncher.launch(StandardLauncher.java:115)
	at org.prismlauncher.EntryPoint.listen(EntryPoint.java:129)
	at org.prismlauncher.EntryPoint.main(EntryPoint.java:70)
[17:52:19] [Render thread/WARN]: Error reading pack metadata, attempting fallback type
com.google.gson.JsonParseException: Pack version declaration mismatch between supported_formats (from 34) and min_format (16.0)
	at knot//com.mojang.serialization.DataResult$Error.getOrThrow(DataResult.java:287)
	at knot//net.minecraft.server.packs.resources.ResourceMetadata$2.getSection(ResourceMetadata.java:40)
	at knot//net.minecraft.server.packs.AbstractPackResources.getMetadataSection(AbstractPackResources.java:26)
	at knot//net.minecraft.server.packs.repository.Pack.readPackMetadata(Pack.java:56)
	at knot//net.minecraft.server.packs.repository.Pack.readMetaAndCreate(Pack.java:41)
	at knot//net.minecraft.server.packs.repository.FolderRepositorySource.lambda$loadPacks$0(FolderRepositorySource.java:63)
	at knot//net.minecraft.server.packs.repository.FolderRepositorySource.discoverPacks(FolderRepositorySource.java:94)
	at knot//net.minecraft.server.packs.repository.FolderRepositorySource.loadPacks(FolderRepositorySource.java:59)
	at knot//net.minecraft.server.packs.repository.PackRepository.discoverAvailable(PackRepository.java:43)
	at knot//net.minecraft.server.packs.repository.PackRepository.reload(PackRepository.java:36)
	at knot//wily.legacy.skins.skin.SkinPackFiles.enableResourcePack(SkinPackFiles.java:48)
	at knot//wily.legacy.skins.skin.DownloadedSkinPackStore.enableResourcePack(DownloadedSkinPackStore.java:76)
	at knot//net.minecraft.client.Options.enableManagedSkinPacks(Options.java:4383)
	at knot//net.minecraft.client.Options.handler$ehn000$legacy$loadSelectedResourcePacks(Options.java:4371)
	at knot//net.minecraft.client.Options.loadSelectedResourcePacks(Options.java)
	at knot//net.minecraft.client.Minecraft.<init>(Minecraft.java:575)
	at knot//net.minecraft.client.main.Main.main(Main.java:232)
	at net.fabricmc.loader.impl.game.minecraft.MinecraftGameProvider.launch(MinecraftGameProvider.java:517)
	at net.fabricmc.loader.impl.launch.knot.Knot.launch(Knot.java:72)
	at net.fabricmc.loader.impl.launch.knot.KnotClient.main(KnotClient.java:23)
	at org.prismlauncher.launcher.impl.StandardLauncher.launch(StandardLauncher.java:115)
	at org.prismlauncher.EntryPoint.listen(EntryPoint.java:129)
	at org.prismlauncher.EntryPoint.main(EntryPoint.java:70)
[17:52:19] [Render thread/WARN]: Error reading pack metadata, attempting fallback type
com.google.gson.JsonParseException: Pack declares support for version newer than 64, but is missing mandatory fields min_format and max_format
	at knot//com.mojang.serialization.DataResult$Error.getOrThrow(DataResult.java:287)
	at knot//net.minecraft.server.packs.resources.ResourceMetadata$2.getSection(ResourceMetadata.java:40)
	at knot//net.minecraft.server.packs.AbstractPackResources.getMetadataSection(AbstractPackResources.java:26)
	at knot//net.minecraft.server.packs.repository.Pack.readPackMetadata(Pack.java:56)
	at knot//net.minecraft.server.packs.repository.Pack.readMetaAndCreate(Pack.java:41)
	at knot//net.minecraft.server.packs.repository.FolderRepositorySource.lambda$loadPacks$0(FolderRepositorySource.java:63)
	at knot//net.minecraft.server.packs.repository.FolderRepositorySource.discoverPacks(FolderRepositorySource.java:94)
	at knot//net.minecraft.server.packs.repository.FolderRepositorySource.loadPacks(FolderRepositorySource.java:59)
	at knot//net.minecraft.server.packs.repository.PackRepository.discoverAvailable(PackRepository.java:43)
	at knot//net.minecraft.server.packs.repository.PackRepository.reload(PackRepository.java:36)
	at knot//wily.legacy.skins.skin.SkinPackFiles.enableResourcePack(SkinPackFiles.java:48)
	at knot//wily.legacy.skins.skin.DownloadedSkinPackStore.enableResourcePack(DownloadedSkinPackStore.java:76)
	at knot//net.minecraft.client.Options.enableManagedSkinPacks(Options.java:4383)
	at knot//net.minecraft.client.Options.handler$ehn000$legacy$loadSelectedResourcePacks(Options.java:4371)
	at knot//net.minecraft.client.Options.loadSelectedResourcePacks(Options.java)
	at knot//net.minecraft.client.Minecraft.<init>(Minecraft.java:575)
	at knot//net.minecraft.client.main.Main.main(Main.java:232)
	at net.fabricmc.loader.impl.game.minecraft.MinecraftGameProvider.launch(MinecraftGameProvider.java:517)
	at net.fabricmc.loader.impl.launch.knot.Knot.launch(Knot.java:72)
	at net.fabricmc.loader.impl.launch.knot.KnotClient.main(KnotClient.java:23)
	at org.prismlauncher.launcher.impl.StandardLauncher.launch(StandardLauncher.java:115)
	at org.prismlauncher.EntryPoint.listen(EntryPoint.java:129)
	at org.prismlauncher.EntryPoint.main(EntryPoint.java:70)
[17:52:19] [Render thread/WARN]: Error reading pack metadata, attempting fallback type
com.google.gson.JsonParseException: Pack declares support for version newer than 64, but is missing mandatory fields min_format and max_format
	at knot//com.mojang.serialization.DataResult$Error.getOrThrow(DataResult.java:287)
	at knot//net.minecraft.server.packs.resources.ResourceMetadata$2.getSection(ResourceMetadata.java:40)
	at knot//net.minecraft.server.packs.AbstractPackResources.getMetadataSection(AbstractPackResources.java:26)
	at knot//net.minecraft.server.packs.repository.Pack.readPackMetadata(Pack.java:56)
	at knot//net.minecraft.server.packs.repository.Pack.readMetaAndCreate(Pack.java:41)
	at knot//net.minecraft.server.packs.repository.FolderRepositorySource.lambda$loadPacks$0(FolderRepositorySource.java:63)
	at knot//net.minecraft.server.packs.repository.FolderRepositorySource.discoverPacks(FolderRepositorySource.java:94)
	at knot//net.minecraft.server.packs.repository.FolderRepositorySource.loadPacks(FolderRepositorySource.java:59)
	at knot//net.minecraft.server.packs.repository.PackRepository.discoverAvailable(PackRepository.java:43)
	at knot//net.minecraft.server.packs.repository.PackRepository.reload(PackRepository.java:36)
	at knot//wily.legacy.skins.skin.SkinPackFiles.enableResourcePack(SkinPackFiles.java:48)
	at knot//wily.legacy.skins.skin.DownloadedSkinPackStore.enableResourcePack(DownloadedSkinPackStore.java:76)
	at knot//net.minecraft.client.Options.enableManagedSkinPacks(Options.java:4383)
	at knot//net.minecraft.client.Options.handler$ehn000$legacy$loadSelectedResourcePacks(Options.java:4371)
	at knot//net.minecraft.client.Options.loadSelectedResourcePacks(Options.java)
	at knot//net.minecraft.client.Minecraft.<init>(Minecraft.java:575)
	at knot//net.minecraft.client.main.Main.main(Main.java:232)
	at net.fabricmc.loader.impl.game.minecraft.MinecraftGameProvider.launch(MinecraftGameProvider.java:517)
	at net.fabricmc.loader.impl.launch.knot.Knot.launch(Knot.java:72)
	at net.fabricmc.loader.impl.launch.knot.KnotClient.main(KnotClient.java:23)
	at org.prismlauncher.launcher.impl.StandardLauncher.launch(StandardLauncher.java:115)
	at org.prismlauncher.EntryPoint.listen(EntryPoint.java:129)
	at org.prismlauncher.EntryPoint.main(EntryPoint.java:70)
[17:52:19] [Render thread/WARN]: Error reading pack metadata, attempting fallback type
com.google.gson.JsonParseException: Pack version declaration mismatch between supported_formats (from 34) and min_format (16.0)
	at knot//com.mojang.serialization.DataResult$Error.getOrThrow(DataResult.java:287)
	at knot//net.minecraft.server.packs.resources.ResourceMetadata$2.getSection(ResourceMetadata.java:40)
	at knot//net.minecraft.server.packs.AbstractPackResources.getMetadataSection(AbstractPackResources.java:26)
	at knot//net.minecraft.server.packs.repository.Pack.readPackMetadata(Pack.java:56)
	at knot//net.minecraft.server.packs.repository.Pack.readMetaAndCreate(Pack.java:41)
	at knot//net.minecraft.server.packs.repository.FolderRepositorySource.lambda$loadPacks$0(FolderRepositorySource.java:63)
	at knot//net.minecraft.server.packs.repository.FolderRepositorySource.discoverPacks(FolderRepositorySource.java:94)
	at knot//net.minecraft.server.packs.repository.FolderRepositorySource.loadPacks(FolderRepositorySource.java:59)
	at knot//net.minecraft.server.packs.repository.PackRepository.discoverAvailable(PackRepository.java:43)
	at knot//net.minecraft.server.packs.repository.PackRepository.reload(PackRepository.java:36)
	at knot//wily.legacy.skins.skin.SkinPackFiles.enableResourcePack(SkinPackFiles.java:48)
	at knot//wily.legacy.skins.skin.DownloadedSkinPackStore.enableResourcePack(DownloadedSkinPackStore.java:76)
	at knot//net.minecraft.client.Options.enableManagedSkinPacks(Options.java:4383)
	at knot//net.minecraft.client.Options.handler$ehn000$legacy$loadSelectedResourcePacks(Options.java:4371)
	at knot//net.minecraft.client.Options.loadSelectedResourcePacks(Options.java)
	at knot//net.minecraft.client.Minecraft.<init>(Minecraft.java:575)
	at knot//net.minecraft.client.main.Main.main(Main.java:232)
	at net.fabricmc.loader.impl.game.minecraft.MinecraftGameProvider.launch(MinecraftGameProvider.java:517)
	at net.fabricmc.loader.impl.launch.knot.Knot.launch(Knot.java:72)
	at net.fabricmc.loader.impl.launch.knot.KnotClient.main(KnotClient.java:23)
	at org.prismlauncher.launcher.impl.StandardLauncher.launch(StandardLauncher.java:115)
	at org.prismlauncher.EntryPoint.listen(EntryPoint.java:129)
	at org.prismlauncher.EntryPoint.main(EntryPoint.java:70)
[17:52:19] [Render thread/WARN]: Error reading pack metadata, attempting fallback type
com.google.gson.JsonParseException: Pack version declaration mismatch between supported_formats (from 34) and min_format (16.0)
	at knot//com.mojang.serialization.DataResult$Error.getOrThrow(DataResult.java:287)
	at knot//net.minecraft.server.packs.resources.ResourceMetadata$2.getSection(ResourceMetadata.java:40)
	at knot//net.minecraft.server.packs.AbstractPackResources.getMetadataSection(AbstractPackResources.java:26)
	at knot//net.minecraft.server.packs.repository.Pack.readPackMetadata(Pack.java:56)
	at knot//net.minecraft.server.packs.repository.Pack.readMetaAndCreate(Pack.java:41)
	at knot//net.minecraft.server.packs.repository.FolderRepositorySource.lambda$loadPacks$0(FolderRepositorySource.java:63)
	at knot//net.minecraft.server.packs.repository.FolderRepositorySource.discoverPacks(FolderRepositorySource.java:94)
	at knot//net.minecraft.server.packs.repository.FolderRepositorySource.loadPacks(FolderRepositorySource.java:59)
	at knot//net.minecraft.server.packs.repository.PackRepository.discoverAvailable(PackRepository.java:43)
	at knot//net.minecraft.server.packs.repository.PackRepository.reload(PackRepository.java:36)
	at knot//wily.legacy.skins.skin.SkinPackFiles.enableResourcePack(SkinPackFiles.java:48)
	at knot//wily.legacy.skins.skin.DownloadedSkinPackStore.enableResourcePack(DownloadedSkinPackStore.java:76)
	at knot//net.minecraft.client.Options.enableManagedSkinPacks(Options.java:4383)
	at knot//net.minecraft.client.Options.handler$ehn000$legacy$loadSelectedResourcePacks(Options.java:4371)
	at knot//net.minecraft.client.Options.loadSelectedResourcePacks(Options.java)
	at knot//net.minecraft.client.Minecraft.<init>(Minecraft.java:575)
	at knot//net.minecraft.client.main.Main.main(Main.java:232)
	at net.fabricmc.loader.impl.game.minecraft.MinecraftGameProvider.launch(MinecraftGameProvider.java:517)
	at net.fabricmc.loader.impl.launch.knot.Knot.launch(Knot.java:72)
	at net.fabricmc.loader.impl.launch.knot.KnotClient.main(KnotClient.java:23)
	at org.prismlauncher.launcher.impl.StandardLauncher.launch(StandardLauncher.java:115)
	at org.prismlauncher.EntryPoint.listen(EntryPoint.java:129)
	at org.prismlauncher.EntryPoint.main(EntryPoint.java:70)
[17:52:19] [Render thread/WARN]: Error reading pack metadata, attempting fallback type
com.google.gson.JsonParseException: Pack declares support for version newer than 64, but is missing mandatory fields min_format and max_format
	at knot//com.mojang.serialization.DataResult$Error.getOrThrow(DataResult.java:287)
	at knot//net.minecraft.server.packs.resources.ResourceMetadata$2.getSection(ResourceMetadata.java:40)
	at knot//net.minecraft.server.packs.AbstractPackResources.getMetadataSection(AbstractPackResources.java:26)
	at knot//net.minecraft.server.packs.repository.Pack.readPackMetadata(Pack.java:56)
	at knot//net.minecraft.server.packs.repository.Pack.readMetaAndCreate(Pack.java:41)
	at knot//net.minecraft.server.packs.repository.FolderRepositorySource.lambda$loadPacks$0(FolderRepositorySource.java:63)
	at knot//net.minecraft.server.packs.repository.FolderRepositorySource.discoverPacks(FolderRepositorySource.java:94)
	at knot//net.minecraft.server.packs.repository.FolderRepositorySource.loadPacks(FolderRepositorySource.java:59)
	at knot//net.minecraft.server.packs.repository.PackRepository.discoverAvailable(PackRepository.java:43)
	at knot//net.minecraft.server.packs.repository.PackRepository.reload(PackRepository.java:36)
	at knot//wily.legacy.skins.skin.SkinPackFiles.enableResourcePack(SkinPackFiles.java:48)
	at knot//wily.legacy.skins.skin.DownloadedSkinPackStore.enableResourcePack(DownloadedSkinPackStore.java:76)
	at knot//net.minecraft.client.Options.enableManagedSkinPacks(Options.java:4383)
	at knot//net.minecraft.client.Options.handler$ehn000$legacy$loadSelectedResourcePacks(Options.java:4371)
	at knot//net.minecraft.client.Options.loadSelectedResourcePacks(Options.java)
	at knot//net.minecraft.client.Minecraft.<init>(Minecraft.java:575)
	at knot//net.minecraft.client.main.Main.main(Main.java:232)
	at net.fabricmc.loader.impl.game.minecraft.MinecraftGameProvider.launch(MinecraftGameProvider.java:517)
	at net.fabricmc.loader.impl.launch.knot.Knot.launch(Knot.java:72)
	at net.fabricmc.loader.impl.launch.knot.KnotClient.main(KnotClient.java:23)
	at org.prismlauncher.launcher.impl.StandardLauncher.launch(StandardLauncher.java:115)
	at org.prismlauncher.EntryPoint.listen(EntryPoint.java:129)
	at org.prismlauncher.EntryPoint.main(EntryPoint.java:70)
[17:52:19] [Render thread/WARN]: Error reading pack metadata, attempting fallback type
com.google.gson.JsonParseException: Pack version declaration mismatch between supported_formats (from 34) and min_format (16.0)
	at knot//com.mojang.serialization.DataResult$Error.getOrThrow(DataResult.java:287)
	at knot//net.minecraft.server.packs.resources.ResourceMetadata$2.getSection(ResourceMetadata.java:40)
	at knot//net.minecraft.server.packs.AbstractPackResources.getMetadataSection(AbstractPackResources.java:26)
	at knot//net.minecraft.server.packs.repository.Pack.readPackMetadata(Pack.java:56)
	at knot//net.minecraft.server.packs.repository.Pack.readMetaAndCreate(Pack.java:41)
	at knot//net.brazier_modding.gdarp.pack_finders.GlobalPackFinder.lambda$loadPacks$0(GlobalPackFinder.java:87)
	at knot//net.brazier_modding.gdarp.pack_finders.GlobalPackFinder.discoverResourcePacks(GlobalPackFinder.java:165)
	at knot//net.brazier_modding.gdarp.pack_finders.GlobalPackFinder.loadPacks(GlobalPackFinder.java:78)
	at knot//net.minecraft.server.packs.repository.PackRepository.discoverAvailable(PackRepository.java:43)
	at knot//net.minecraft.server.packs.repository.PackRepository.reload(PackRepository.java:36)
	at knot//wily.legacy.skins.skin.SkinPackFiles.enableResourcePack(SkinPackFiles.java:48)
	at knot//wily.legacy.skins.skin.DownloadedSkinPackStore.enableResourcePack(DownloadedSkinPackStore.java:76)
	at knot//net.minecraft.client.Options.enableManagedSkinPacks(Options.java:4383)
	at knot//net.minecraft.client.Options.handler$ehn000$legacy$loadSelectedResourcePacks(Options.java:4371)
	at knot//net.minecraft.client.Options.loadSelectedResourcePacks(Options.java)
	at knot//net.minecraft.client.Minecraft.<init>(Minecraft.java:575)
	at knot//net.minecraft.client.main.Main.main(Main.java:232)
	at net.fabricmc.loader.impl.game.minecraft.MinecraftGameProvider.launch(MinecraftGameProvider.java:517)
	at net.fabricmc.loader.impl.launch.knot.Knot.launch(Knot.java:72)
	at net.fabricmc.loader.impl.launch.knot.KnotClient.main(KnotClient.java:23)
	at org.prismlauncher.launcher.impl.StandardLauncher.launch(StandardLauncher.java:115)
	at org.prismlauncher.EntryPoint.listen(EntryPoint.java:129)
	at org.prismlauncher.EntryPoint.main(EntryPoint.java:70)
[17:52:19] [Render thread/WARN]: Error reading pack metadata, attempting fallback type
com.google.gson.JsonParseException: Pack version declaration mismatch between supported_formats (from 34) and min_format (16.0)
	at knot//com.mojang.serialization.DataResult$Error.getOrThrow(DataResult.java:287)
	at knot//net.minecraft.server.packs.resources.ResourceMetadata$2.getSection(ResourceMetadata.java:40)
	at knot//net.minecraft.server.packs.AbstractPackResources.getMetadataSection(AbstractPackResources.java:26)
	at knot//net.minecraft.server.packs.repository.Pack.readPackMetadata(Pack.java:56)
	at knot//net.minecraft.server.packs.repository.Pack.readMetaAndCreate(Pack.java:41)
	at knot//net.brazier_modding.gdarp.pack_finders.GlobalPackFinder.lambda$loadPacks$0(GlobalPackFinder.java:87)
	at knot//net.brazier_modding.gdarp.pack_finders.GlobalPackFinder.discoverResourcePacks(GlobalPackFinder.java:165)
	at knot//net.brazier_modding.gdarp.pack_finders.GlobalPackFinder.loadPacks(GlobalPackFinder.java:78)
	at knot//net.minecraft.server.packs.repository.PackRepository.discoverAvailable(PackRepository.java:43)
	at knot//net.minecraft.server.packs.repository.PackRepository.reload(PackRepository.java:36)
	at knot//wily.legacy.skins.skin.SkinPackFiles.enableResourcePack(SkinPackFiles.java:48)
	at knot//wily.legacy.skins.skin.DownloadedSkinPackStore.enableResourcePack(DownloadedSkinPackStore.java:76)
	at knot//net.minecraft.client.Options.enableManagedSkinPacks(Options.java:4383)
	at knot//net.minecraft.client.Options.handler$ehn000$legacy$loadSelectedResourcePacks(Options.java:4371)
	at knot//net.minecraft.client.Options.loadSelectedResourcePacks(Options.java)
	at knot//net.minecraft.client.Minecraft.<init>(Minecraft.java:575)
	at knot//net.minecraft.client.main.Main.main(Main.java:232)
	at net.fabricmc.loader.impl.game.minecraft.MinecraftGameProvider.launch(MinecraftGameProvider.java:517)
	at net.fabricmc.loader.impl.launch.knot.Knot.launch(Knot.java:72)
	at net.fabricmc.loader.impl.launch.knot.KnotClient.main(KnotClient.java:23)
	at org.prismlauncher.launcher.impl.StandardLauncher.launch(StandardLauncher.java:115)
	at org.prismlauncher.EntryPoint.listen(EntryPoint.java:129)
	at org.prismlauncher.EntryPoint.main(EntryPoint.java:70)
[17:52:19] [Render thread/WARN]: Error reading pack metadata, attempting fallback type
com.google.gson.JsonParseException: Pack version declaration mismatch between supported_formats (from 34) and min_format (16.0)
	at knot//com.mojang.serialization.DataResult$Error.getOrThrow(DataResult.java:287)
	at knot//net.minecraft.server.packs.resources.ResourceMetadata$2.getSection(ResourceMetadata.java:40)
	at knot//net.minecraft.server.packs.AbstractPackResources.getMetadataSection(AbstractPackResources.java:26)
	at knot//net.minecraft.server.packs.repository.Pack.readPackMetadata(Pack.java:56)
	at knot//net.minecraft.server.packs.repository.Pack.readMetaAndCreate(Pack.java:41)
	at knot//net.brazier_modding.gdarp.pack_finders.GlobalPackFinder.lambda$loadPacks$0(GlobalPackFinder.java:87)
	at knot//net.brazier_modding.gdarp.pack_finders.GlobalPackFinder.discoverResourcePacks(GlobalPackFinder.java:165)
	at knot//net.brazier_modding.gdarp.pack_finders.GlobalPackFinder.loadPacks(GlobalPackFinder.java:78)
	at knot//net.minecraft.server.packs.repository.PackRepository.discoverAvailable(PackRepository.java:43)
	at knot//net.minecraft.server.packs.repository.PackRepository.reload(PackRepository.java:36)
	at knot//wily.legacy.skins.skin.SkinPackFiles.enableResourcePack(SkinPackFiles.java:48)
	at knot//wily.legacy.skins.skin.DownloadedSkinPackStore.enableResourcePack(DownloadedSkinPackStore.java:76)
	at knot//net.minecraft.client.Options.enableManagedSkinPacks(Options.java:4383)
	at knot//net.minecraft.client.Options.handler$ehn000$legacy$loadSelectedResourcePacks(Options.java:4371)
	at knot//net.minecraft.client.Options.loadSelectedResourcePacks(Options.java)
	at knot//net.minecraft.client.Minecraft.<init>(Minecraft.java:575)
	at knot//net.minecraft.client.main.Main.main(Main.java:232)
	at net.fabricmc.loader.impl.game.minecraft.MinecraftGameProvider.launch(MinecraftGameProvider.java:517)
	at net.fabricmc.loader.impl.launch.knot.Knot.launch(Knot.java:72)
	at net.fabricmc.loader.impl.launch.knot.KnotClient.main(KnotClient.java:23)
	at org.prismlauncher.launcher.impl.StandardLauncher.launch(StandardLauncher.java:115)
	at org.prismlauncher.EntryPoint.listen(EntryPoint.java:129)
	at org.prismlauncher.EntryPoint.main(EntryPoint.java:70)
[17:52:19] [Render thread/WARN]: Error reading pack metadata, attempting fallback type
com.google.gson.JsonParseException: Pack version declaration mismatch between supported_formats (from 34) and min_format (16.0)
	at knot//com.mojang.serialization.DataResult$Error.getOrThrow(DataResult.java:287)
	at knot//net.minecraft.server.packs.resources.ResourceMetadata$2.getSection(ResourceMetadata.java:40)
	at knot//net.minecraft.server.packs.AbstractPackResources.getMetadataSection(AbstractPackResources.java:26)
	at knot//net.minecraft.server.packs.repository.Pack.readPackMetadata(Pack.java:56)
	at knot//net.minecraft.server.packs.repository.Pack.readMetaAndCreate(Pack.java:41)
	at knot//net.brazier_modding.gdarp.pack_finders.GlobalPackFinder.lambda$loadPacks$0(GlobalPackFinder.java:87)
	at knot//net.brazier_modding.gdarp.pack_finders.GlobalPackFinder.discoverResourcePacks(GlobalPackFinder.java:165)
	at knot//net.brazier_modding.gdarp.pack_finders.GlobalPackFinder.loadPacks(GlobalPackFinder.java:78)
	at knot//net.minecraft.server.packs.repository.PackRepository.discoverAvailable(PackRepository.java:43)
	at knot//net.minecraft.server.packs.repository.PackRepository.reload(PackRepository.java:36)
	at knot//wily.legacy.skins.skin.SkinPackFiles.enableResourcePack(SkinPackFiles.java:48)
	at knot//wily.legacy.skins.skin.DownloadedSkinPackStore.enableResourcePack(DownloadedSkinPackStore.java:76)
	at knot//net.minecraft.client.Options.enableManagedSkinPacks(Options.java:4383)
	at knot//net.minecraft.client.Options.handler$ehn000$legacy$loadSelectedResourcePacks(Options.java:4371)
	at knot//net.minecraft.client.Options.loadSelectedResourcePacks(Options.java)
	at knot//net.minecraft.client.Minecraft.<init>(Minecraft.java:575)
	at knot//net.minecraft.client.main.Main.main(Main.java:232)
	at net.fabricmc.loader.impl.game.minecraft.MinecraftGameProvider.launch(MinecraftGameProvider.java:517)
	at net.fabricmc.loader.impl.launch.knot.Knot.launch(Knot.java:72)
	at net.fabricmc.loader.impl.launch.knot.KnotClient.main(KnotClient.java:23)
	at org.prismlauncher.launcher.impl.StandardLauncher.launch(StandardLauncher.java:115)
	at org.prismlauncher.EntryPoint.listen(EntryPoint.java:129)
	at org.prismlauncher.EntryPoint.main(EntryPoint.java:70)
[17:52:19] [Render thread/WARN]: Error reading pack metadata, attempting fallback type
com.google.gson.JsonParseException: Pack version declaration mismatch between supported_formats (from 34) and min_format (16.0)
	at knot//com.mojang.serialization.DataResult$Error.getOrThrow(DataResult.java:287)
	at knot//net.minecraft.server.packs.resources.ResourceMetadata$2.getSection(ResourceMetadata.java:40)
	at knot//net.minecraft.server.packs.AbstractPackResources.getMetadataSection(AbstractPackResources.java:26)
	at knot//net.minecraft.server.packs.repository.Pack.readPackMetadata(Pack.java:56)
	at knot//net.minecraft.server.packs.repository.Pack.readMetaAndCreate(Pack.java:41)
	at knot//net.brazier_modding.gdarp.pack_finders.GlobalPackFinder.lambda$loadPacks$0(GlobalPackFinder.java:87)
	at knot//net.brazier_modding.gdarp.pack_finders.GlobalPackFinder.discoverResourcePacks(GlobalPackFinder.java:165)
	at knot//net.brazier_modding.gdarp.pack_finders.GlobalPackFinder.loadPacks(GlobalPackFinder.java:78)
	at knot//net.minecraft.server.packs.repository.PackRepository.discoverAvailable(PackRepository.java:43)
	at knot//net.minecraft.server.packs.repository.PackRepository.reload(PackRepository.java:36)
	at knot//wily.legacy.skins.skin.SkinPackFiles.enableResourcePack(SkinPackFiles.java:48)
	at knot//wily.legacy.skins.skin.DownloadedSkinPackStore.enableResourcePack(DownloadedSkinPackStore.java:76)
	at knot//net.minecraft.client.Options.enableManagedSkinPacks(Options.java:4383)
	at knot//net.minecraft.client.Options.handler$ehn000$legacy$loadSelectedResourcePacks(Options.java:4371)
	at knot//net.minecraft.client.Options.loadSelectedResourcePacks(Options.java)
	at knot//net.minecraft.client.Minecraft.<init>(Minecraft.java:575)
	at knot//net.minecraft.client.main.Main.main(Main.java:232)
	at net.fabricmc.loader.impl.game.minecraft.MinecraftGameProvider.launch(MinecraftGameProvider.java:517)
	at net.fabricmc.loader.impl.launch.knot.Knot.launch(Knot.java:72)
	at net.fabricmc.loader.impl.launch.knot.KnotClient.main(KnotClient.java:23)
	at org.prismlauncher.launcher.impl.StandardLauncher.launch(StandardLauncher.java:115)
	at org.prismlauncher.EntryPoint.listen(EntryPoint.java:129)
	at org.prismlauncher.EntryPoint.main(EntryPoint.java:70)
[17:52:19] [Render thread/WARN]: Error reading pack metadata, attempting fallback type
com.google.gson.JsonParseException: Pack version declaration mismatch between supported_formats (from 34) and min_format (16.0)
	at knot//com.mojang.serialization.DataResult$Error.getOrThrow(DataResult.java:287)
	at knot//net.minecraft.server.packs.resources.ResourceMetadata$2.getSection(ResourceMetadata.java:40)
	at knot//net.minecraft.server.packs.AbstractPackResources.getMetadataSection(AbstractPackResources.java:26)
	at knot//net.minecraft.server.packs.repository.Pack.readPackMetadata(Pack.java:56)
	at knot//net.minecraft.server.packs.repository.Pack.readMetaAndCreate(Pack.java:41)
	at knot//net.brazier_modding.gdarp.pack_finders.GlobalPackFinder.lambda$loadPacks$0(GlobalPackFinder.java:87)
	at knot//net.brazier_modding.gdarp.pack_finders.GlobalPackFinder.discoverResourcePacks(GlobalPackFinder.java:165)
	at knot//net.brazier_modding.gdarp.pack_finders.GlobalPackFinder.loadPacks(GlobalPackFinder.java:78)
	at knot//net.minecraft.server.packs.repository.PackRepository.handler$dhc000$globalpacks$globalpackls_discoverAvailable(PackRepository.java:1543)
	at knot//net.minecraft.server.packs.repository.PackRepository.discoverAvailable(PackRepository.java:45)
	at knot//net.minecraft.server.packs.repository.PackRepository.reload(PackRepository.java:36)
	at knot//wily.legacy.skins.skin.SkinPackFiles.enableResourcePack(SkinPackFiles.java:48)
	at knot//wily.legacy.skins.skin.DownloadedSkinPackStore.enableResourcePack(DownloadedSkinPackStore.java:76)
	at knot//net.minecraft.client.Options.enableManagedSkinPacks(Options.java:4383)
	at knot//net.minecraft.client.Options.handler$ehn000$legacy$loadSelectedResourcePacks(Options.java:4371)
	at knot//net.minecraft.client.Options.loadSelectedResourcePacks(Options.java)
	at knot//net.minecraft.client.Minecraft.<init>(Minecraft.java:575)
	at knot//net.minecraft.client.main.Main.main(Main.java:232)
	at net.fabricmc.loader.impl.game.minecraft.MinecraftGameProvider.launch(MinecraftGameProvider.java:517)
	at net.fabricmc.loader.impl.launch.knot.Knot.launch(Knot.java:72)
	at net.fabricmc.loader.impl.launch.knot.KnotClient.main(KnotClient.java:23)
	at org.prismlauncher.launcher.impl.StandardLauncher.launch(StandardLauncher.java:115)
	at org.prismlauncher.EntryPoint.listen(EntryPoint.java:129)
	at org.prismlauncher.EntryPoint.main(EntryPoint.java:70)
[17:52:19] [Render thread/WARN]: Error reading pack metadata, attempting fallback type
com.google.gson.JsonParseException: Pack version declaration mismatch between supported_formats (from 34) and min_format (16.0)
	at knot//com.mojang.serialization.DataResult$Error.getOrThrow(DataResult.java:287)
	at knot//net.minecraft.server.packs.resources.ResourceMetadata$2.getSection(ResourceMetadata.java:40)
	at knot//net.minecraft.server.packs.AbstractPackResources.getMetadataSection(AbstractPackResources.java:26)
	at knot//net.minecraft.server.packs.repository.Pack.readPackMetadata(Pack.java:56)
	at knot//net.minecraft.server.packs.repository.Pack.readMetaAndCreate(Pack.java:41)
	at knot//net.brazier_modding.gdarp.pack_finders.GlobalPackFinder.lambda$loadPacks$0(GlobalPackFinder.java:87)
	at knot//net.brazier_modding.gdarp.pack_finders.GlobalPackFinder.discoverResourcePacks(GlobalPackFinder.java:165)
	at knot//net.brazier_modding.gdarp.pack_finders.GlobalPackFinder.loadPacks(GlobalPackFinder.java:78)
	at knot//net.minecraft.server.packs.repository.PackRepository.handler$dhc000$globalpacks$globalpackls_discoverAvailable(PackRepository.java:1543)
	at knot//net.minecraft.server.packs.repository.PackRepository.discoverAvailable(PackRepository.java:45)
	at knot//net.minecraft.server.packs.repository.PackRepository.reload(PackRepository.java:36)
	at knot//wily.legacy.skins.skin.SkinPackFiles.enableResourcePack(SkinPackFiles.java:48)
	at knot//wily.legacy.skins.skin.DownloadedSkinPackStore.enableResourcePack(DownloadedSkinPackStore.java:76)
	at knot//net.minecraft.client.Options.enableManagedSkinPacks(Options.java:4383)
	at knot//net.minecraft.client.Options.handler$ehn000$legacy$loadSelectedResourcePacks(Options.java:4371)
	at knot//net.minecraft.client.Options.loadSelectedResourcePacks(Options.java)
	at knot//net.minecraft.client.Minecraft.<init>(Minecraft.java:575)
	at knot//net.minecraft.client.main.Main.main(Main.java:232)
	at net.fabricmc.loader.impl.game.minecraft.MinecraftGameProvider.launch(MinecraftGameProvider.java:517)
	at net.fabricmc.loader.impl.launch.knot.Knot.launch(Knot.java:72)
	at net.fabricmc.loader.impl.launch.knot.KnotClient.main(KnotClient.java:23)
	at org.prismlauncher.launcher.impl.StandardLauncher.launch(StandardLauncher.java:115)
	at org.prismlauncher.EntryPoint.listen(EntryPoint.java:129)
	at org.prismlauncher.EntryPoint.main(EntryPoint.java:70)
[17:52:19] [Render thread/WARN]: Error reading pack metadata, attempting fallback type
com.google.gson.JsonParseException: Pack version declaration mismatch between supported_formats (from 34) and min_format (16.0)
	at knot//com.mojang.serialization.DataResult$Error.getOrThrow(DataResult.java:287)
	at knot//net.minecraft.server.packs.resources.ResourceMetadata$2.getSection(ResourceMetadata.java:40)
	at knot//net.minecraft.server.packs.AbstractPackResources.getMetadataSection(AbstractPackResources.java:26)
	at knot//net.minecraft.server.packs.repository.Pack.readPackMetadata(Pack.java:56)
	at knot//net.minecraft.server.packs.repository.Pack.readMetaAndCreate(Pack.java:41)
	at knot//net.brazier_modding.gdarp.pack_finders.GlobalPackFinder.lambda$loadPacks$0(GlobalPackFinder.java:87)
	at knot//net.brazier_modding.gdarp.pack_finders.GlobalPackFinder.discoverResourcePacks(GlobalPackFinder.java:165)
	at knot//net.brazier_modding.gdarp.pack_finders.GlobalPackFinder.loadPacks(GlobalPackFinder.java:78)
	at knot//net.minecraft.server.packs.repository.PackRepository.handler$dhc000$globalpacks$globalpackls_discoverAvailable(PackRepository.java:1543)
	at knot//net.minecraft.server.packs.repository.PackRepository.discoverAvailable(PackRepository.java:45)
	at knot//net.minecraft.server.packs.repository.PackRepository.reload(PackRepository.java:36)
	at knot//wily.legacy.skins.skin.SkinPackFiles.enableResourcePack(SkinPackFiles.java:48)
	at knot//wily.legacy.skins.skin.DownloadedSkinPackStore.enableResourcePack(DownloadedSkinPackStore.java:76)
	at knot//net.minecraft.client.Options.enableManagedSkinPacks(Options.java:4383)
	at knot//net.minecraft.client.Options.handler$ehn000$legacy$loadSelectedResourcePacks(Options.java:4371)
	at knot//net.minecraft.client.Options.loadSelectedResourcePacks(Options.java)
	at knot//net.minecraft.client.Minecraft.<init>(Minecraft.java:575)
	at knot//net.minecraft.client.main.Main.main(Main.java:232)
	at net.fabricmc.loader.impl.game.minecraft.MinecraftGameProvider.launch(MinecraftGameProvider.java:517)
	at net.fabricmc.loader.impl.launch.knot.Knot.launch(Knot.java:72)
	at net.fabricmc.loader.impl.launch.knot.KnotClient.main(KnotClient.java:23)
	at org.prismlauncher.launcher.impl.StandardLauncher.launch(StandardLauncher.java:115)
	at org.prismlauncher.EntryPoint.listen(EntryPoint.java:129)
	at org.prismlauncher.EntryPoint.main(EntryPoint.java:70)
[17:52:19] [Render thread/WARN]: Error reading pack metadata, attempting fallback type
com.google.gson.JsonParseException: Pack version declaration mismatch between supported_formats (from 34) and min_format (16.0)
	at knot//com.mojang.serialization.DataResult$Error.getOrThrow(DataResult.java:287)
	at knot//net.minecraft.server.packs.resources.ResourceMetadata$2.getSection(ResourceMetadata.java:40)
	at knot//net.minecraft.server.packs.AbstractPackResources.getMetadataSection(AbstractPackResources.java:26)
	at knot//net.minecraft.server.packs.repository.Pack.readPackMetadata(Pack.java:56)
	at knot//net.minecraft.server.packs.repository.Pack.readMetaAndCreate(Pack.java:41)
	at knot//net.brazier_modding.gdarp.pack_finders.GlobalPackFinder.lambda$loadPacks$0(GlobalPackFinder.java:87)
	at knot//net.brazier_modding.gdarp.pack_finders.GlobalPackFinder.discoverResourcePacks(GlobalPackFinder.java:165)
	at knot//net.brazier_modding.gdarp.pack_finders.GlobalPackFinder.loadPacks(GlobalPackFinder.java:78)
	at knot//net.minecraft.server.packs.repository.PackRepository.handler$dhc000$globalpacks$globalpackls_discoverAvailable(PackRepository.java:1543)
	at knot//net.minecraft.server.packs.repository.PackRepository.discoverAvailable(PackRepository.java:45)
	at knot//net.minecraft.server.packs.repository.PackRepository.reload(PackRepository.java:36)
	at knot//wily.legacy.skins.skin.SkinPackFiles.enableResourcePack(SkinPackFiles.java:48)
	at knot//wily.legacy.skins.skin.DownloadedSkinPackStore.enableResourcePack(DownloadedSkinPackStore.java:76)
	at knot//net.minecraft.client.Options.enableManagedSkinPacks(Options.java:4383)
	at knot//net.minecraft.client.Options.handler$ehn000$legacy$loadSelectedResourcePacks(Options.java:4371)
	at knot//net.minecraft.client.Options.loadSelectedResourcePacks(Options.java)
	at knot//net.minecraft.client.Minecraft.<init>(Minecraft.java:575)
	at knot//net.minecraft.client.main.Main.main(Main.java:232)
	at net.fabricmc.loader.impl.game.minecraft.MinecraftGameProvider.launch(MinecraftGameProvider.java:517)
	at net.fabricmc.loader.impl.launch.knot.Knot.launch(Knot.java:72)
	at net.fabricmc.loader.impl.launch.knot.KnotClient.main(KnotClient.java:23)
	at org.prismlauncher.launcher.impl.StandardLauncher.launch(StandardLauncher.java:115)
	at org.prismlauncher.EntryPoint.listen(EntryPoint.java:129)
	at org.prismlauncher.EntryPoint.main(EntryPoint.java:70)
[17:52:19] [Render thread/WARN]: Error reading pack metadata, attempting fallback type
com.google.gson.JsonParseException: Pack version declaration mismatch between supported_formats (from 34) and min_format (16.0)
	at knot//com.mojang.serialization.DataResult$Error.getOrThrow(DataResult.java:287)
	at knot//net.minecraft.server.packs.resources.ResourceMetadata$2.getSection(ResourceMetadata.java:40)
	at knot//net.minecraft.server.packs.AbstractPackResources.getMetadataSection(AbstractPackResources.java:26)
	at knot//net.minecraft.server.packs.repository.Pack.readPackMetadata(Pack.java:56)
	at knot//net.minecraft.server.packs.repository.Pack.readMetaAndCreate(Pack.java:41)
	at knot//net.brazier_modding.gdarp.pack_finders.GlobalPackFinder.lambda$loadPacks$0(GlobalPackFinder.java:87)
	at knot//net.brazier_modding.gdarp.pack_finders.GlobalPackFinder.discoverResourcePacks(GlobalPackFinder.java:165)
	at knot//net.brazier_modding.gdarp.pack_finders.GlobalPackFinder.loadPacks(GlobalPackFinder.java:78)
	at knot//net.minecraft.server.packs.repository.PackRepository.handler$dhc000$globalpacks$globalpackls_discoverAvailable(PackRepository.java:1543)
	at knot//net.minecraft.server.packs.repository.PackRepository.discoverAvailable(PackRepository.java:45)
	at knot//net.minecraft.server.packs.repository.PackRepository.reload(PackRepository.java:36)
	at knot//wily.legacy.skins.skin.SkinPackFiles.enableResourcePack(SkinPackFiles.java:48)
	at knot//wily.legacy.skins.skin.DownloadedSkinPackStore.enableResourcePack(DownloadedSkinPackStore.java:76)
	at knot//net.minecraft.client.Options.enableManagedSkinPacks(Options.java:4383)
	at knot//net.minecraft.client.Options.handler$ehn000$legacy$loadSelectedResourcePacks(Options.java:4371)
	at knot//net.minecraft.client.Options.loadSelectedResourcePacks(Options.java)
	at knot//net.minecraft.client.Minecraft.<init>(Minecraft.java:575)
	at knot//net.minecraft.client.main.Main.main(Main.java:232)
	at net.fabricmc.loader.impl.game.minecraft.MinecraftGameProvider.launch(MinecraftGameProvider.java:517)
	at net.fabricmc.loader.impl.launch.knot.Knot.launch(Knot.java:72)
	at net.fabricmc.loader.impl.launch.knot.KnotClient.main(KnotClient.java:23)
	at org.prismlauncher.launcher.impl.StandardLauncher.launch(StandardLauncher.java:115)
	at org.prismlauncher.EntryPoint.listen(EntryPoint.java:129)
	at org.prismlauncher.EntryPoint.main(EntryPoint.java:70)
[17:52:19] [Render thread/WARN]: Error reading pack metadata, attempting fallback type
com.google.gson.JsonParseException: Pack declares support for version newer than 64, but is missing mandatory fields min_format and max_format
	at knot//com.mojang.serialization.DataResult$Error.getOrThrow(DataResult.java:287)
	at knot//net.minecraft.server.packs.resources.ResourceMetadata$2.getSection(ResourceMetadata.java:40)
	at knot//net.minecraft.server.packs.AbstractPackResources.getMetadataSection(AbstractPackResources.java:26)
	at knot//net.minecraft.server.packs.repository.Pack.readPackMetadata(Pack.java:56)
	at knot//net.minecraft.server.packs.repository.Pack.readMetaAndCreate(Pack.java:41)
	at knot//net.minecraft.server.packs.repository.FolderRepositorySource.lambda$loadPacks$0(FolderRepositorySource.java:63)
	at knot//net.minecraft.server.packs.repository.FolderRepositorySource.discoverPacks(FolderRepositorySource.java:94)
	at knot//net.minecraft.server.packs.repository.FolderRepositorySource.loadPacks(FolderRepositorySource.java:59)
	at knot//net.minecraft.server.packs.repository.PackRepository.handler$dhc000$globalpacks$globalpackls_discoverAvailable(PackRepository.java:1559)
	at knot//net.minecraft.server.packs.repository.PackRepository.discoverAvailable(PackRepository.java:45)
	at knot//net.minecraft.server.packs.repository.PackRepository.reload(PackRepository.java:36)
	at knot//wily.legacy.skins.skin.SkinPackFiles.enableResourcePack(SkinPackFiles.java:48)
	at knot//wily.legacy.skins.skin.DownloadedSkinPackStore.enableResourcePack(DownloadedSkinPackStore.java:76)
	at knot//net.minecraft.client.Options.enableManagedSkinPacks(Options.java:4383)
	at knot//net.minecraft.client.Options.handler$ehn000$legacy$loadSelectedResourcePacks(Options.java:4371)
	at knot//net.minecraft.client.Options.loadSelectedResourcePacks(Options.java)
	at knot//net.minecraft.client.Minecraft.<init>(Minecraft.java:575)
	at knot//net.minecraft.client.main.Main.main(Main.java:232)
	at net.fabricmc.loader.impl.game.minecraft.MinecraftGameProvider.launch(MinecraftGameProvider.java:517)
	at net.fabricmc.loader.impl.launch.knot.Knot.launch(Knot.java:72)
	at net.fabricmc.loader.impl.launch.knot.KnotClient.main(KnotClient.java:23)
	at org.prismlauncher.launcher.impl.StandardLauncher.launch(StandardLauncher.java:115)
	at org.prismlauncher.EntryPoint.listen(EntryPoint.java:129)
	at org.prismlauncher.EntryPoint.main(EntryPoint.java:70)
[17:52:19] [Render thread/WARN]: Error reading pack metadata, attempting fallback type
com.google.gson.JsonParseException: Pack version declaration mismatch between supported_formats (from 34) and min_format (16.0)
	at knot//com.mojang.serialization.DataResult$Error.getOrThrow(DataResult.java:287)
	at knot//net.minecraft.server.packs.resources.ResourceMetadata$2.getSection(ResourceMetadata.java:40)
	at knot//net.minecraft.server.packs.AbstractPackResources.getMetadataSection(AbstractPackResources.java:26)
	at knot//net.minecraft.server.packs.repository.Pack.readPackMetadata(Pack.java:56)
	at knot//net.minecraft.server.packs.repository.Pack.readMetaAndCreate(Pack.java:41)
	at knot//net.minecraft.server.packs.repository.FolderRepositorySource.lambda$loadPacks$0(FolderRepositorySource.java:63)
	at knot//net.minecraft.server.packs.repository.FolderRepositorySource.discoverPacks(FolderRepositorySource.java:94)
	at knot//net.minecraft.server.packs.repository.FolderRepositorySource.loadPacks(FolderRepositorySource.java:59)
	at knot//net.minecraft.server.packs.repository.PackRepository.handler$dhc000$globalpacks$globalpackls_discoverAvailable(PackRepository.java:1559)
	at knot//net.minecraft.server.packs.repository.PackRepository.discoverAvailable(PackRepository.java:45)
	at knot//net.minecraft.server.packs.repository.PackRepository.reload(PackRepository.java:36)
	at knot//wily.legacy.skins.skin.SkinPackFiles.enableResourcePack(SkinPackFiles.java:48)
	at knot//wily.legacy.skins.skin.DownloadedSkinPackStore.enableResourcePack(DownloadedSkinPackStore.java:76)
	at knot//net.minecraft.client.Options.enableManagedSkinPacks(Options.java:4383)
	at knot//net.minecraft.client.Options.handler$ehn000$legacy$loadSelectedResourcePacks(Options.java:4371)
	at knot//net.minecraft.client.Options.loadSelectedResourcePacks(Options.java)
	at knot//net.minecraft.client.Minecraft.<init>(Minecraft.java:575)
	at knot//net.minecraft.client.main.Main.main(Main.java:232)
	at net.fabricmc.loader.impl.game.minecraft.MinecraftGameProvider.launch(MinecraftGameProvider.java:517)
	at net.fabricmc.loader.impl.launch.knot.Knot.launch(Knot.java:72)
	at net.fabricmc.loader.impl.launch.knot.KnotClient.main(KnotClient.java:23)
	at org.prismlauncher.launcher.impl.StandardLauncher.launch(StandardLauncher.java:115)
	at org.prismlauncher.EntryPoint.listen(EntryPoint.java:129)
	at org.prismlauncher.EntryPoint.main(EntryPoint.java:70)
[17:52:19] [Render thread/WARN]: Error reading pack metadata, attempting fallback type
com.google.gson.JsonParseException: Pack version declaration mismatch between supported_formats (from 34) and min_format (16.0)
	at knot//com.mojang.serialization.DataResult$Error.getOrThrow(DataResult.java:287)
	at knot//net.minecraft.server.packs.resources.ResourceMetadata$2.getSection(ResourceMetadata.java:40)
	at knot//net.minecraft.server.packs.AbstractPackResources.getMetadataSection(AbstractPackResources.java:26)
	at knot//net.minecraft.server.packs.repository.Pack.readPackMetadata(Pack.java:56)
	at knot//net.minecraft.server.packs.repository.Pack.readMetaAndCreate(Pack.java:41)
	at knot//net.minecraft.server.packs.repository.FolderRepositorySource.lambda$loadPacks$0(FolderRepositorySource.java:63)
	at knot//net.minecraft.server.packs.repository.FolderRepositorySource.discoverPacks(FolderRepositorySource.java:94)
	at knot//net.minecraft.server.packs.repository.FolderRepositorySource.loadPacks(FolderRepositorySource.java:59)
	at knot//net.minecraft.server.packs.repository.PackRepository.handler$dhc000$globalpacks$globalpackls_discoverAvailable(PackRepository.java:1559)
	at knot//net.minecraft.server.packs.repository.PackRepository.discoverAvailable(PackRepository.java:45)
	at knot//net.minecraft.server.packs.repository.PackRepository.reload(PackRepository.java:36)
	at knot//wily.legacy.skins.skin.SkinPackFiles.enableResourcePack(SkinPackFiles.java:48)
	at knot//wily.legacy.skins.skin.DownloadedSkinPackStore.enableResourcePack(DownloadedSkinPackStore.java:76)
	at knot//net.minecraft.client.Options.enableManagedSkinPacks(Options.java:4383)
	at knot//net.minecraft.client.Options.handler$ehn000$legacy$loadSelectedResourcePacks(Options.java:4371)
	at knot//net.minecraft.client.Options.loadSelectedResourcePacks(Options.java)
	at knot//net.minecraft.client.Minecraft.<init>(Minecraft.java:575)
	at knot//net.minecraft.client.main.Main.main(Main.java:232)
	at net.fabricmc.loader.impl.game.minecraft.MinecraftGameProvider.launch(MinecraftGameProvider.java:517)
	at net.fabricmc.loader.impl.launch.knot.Knot.launch(Knot.java:72)
	at net.fabricmc.loader.impl.launch.knot.KnotClient.main(KnotClient.java:23)
	at org.prismlauncher.launcher.impl.StandardLauncher.launch(StandardLauncher.java:115)
	at org.prismlauncher.EntryPoint.listen(EntryPoint.java:129)
	at org.prismlauncher.EntryPoint.main(EntryPoint.java:70)
[17:52:19] [Render thread/WARN]: Error reading pack metadata, attempting fallback type
com.google.gson.JsonParseException: Pack declares support for version newer than 64, but is missing mandatory fields min_format and max_format
	at knot//com.mojang.serialization.DataResult$Error.getOrThrow(DataResult.java:287)
	at knot//net.minecraft.server.packs.resources.ResourceMetadata$2.getSection(ResourceMetadata.java:40)
	at knot//net.minecraft.server.packs.AbstractPackResources.getMetadataSection(AbstractPackResources.java:26)
	at knot//net.minecraft.server.packs.repository.Pack.readPackMetadata(Pack.java:56)
	at knot//net.minecraft.server.packs.repository.Pack.readMetaAndCreate(Pack.java:41)
	at knot//net.minecraft.server.packs.repository.FolderRepositorySource.lambda$loadPacks$0(FolderRepositorySource.java:63)
	at knot//net.minecraft.server.packs.repository.FolderRepositorySource.discoverPacks(FolderRepositorySource.java:94)
	at knot//net.minecraft.server.packs.repository.FolderRepositorySource.loadPacks(FolderRepositorySource.java:59)
	at knot//net.minecraft.server.packs.repository.PackRepository.handler$dhc000$globalpacks$globalpackls_discoverAvailable(PackRepository.java:1559)
	at knot//net.minecraft.server.packs.repository.PackRepository.discoverAvailable(PackRepository.java:45)
	at knot//net.minecraft.server.packs.repository.PackRepository.reload(PackRepository.java:36)
	at knot//wily.legacy.skins.skin.SkinPackFiles.enableResourcePack(SkinPackFiles.java:48)
	at knot//wily.legacy.skins.skin.DownloadedSkinPackStore.enableResourcePack(DownloadedSkinPackStore.java:76)
	at knot//net.minecraft.client.Options.enableManagedSkinPacks(Options.java:4383)
	at knot//net.minecraft.client.Options.handler$ehn000$legacy$loadSelectedResourcePacks(Options.java:4371)
	at knot//net.minecraft.client.Options.loadSelectedResourcePacks(Options.java)
	at knot//net.minecraft.client.Minecraft.<init>(Minecraft.java:575)
	at knot//net.minecraft.client.main.Main.main(Main.java:232)
	at net.fabricmc.loader.impl.game.minecraft.MinecraftGameProvider.launch(MinecraftGameProvider.java:517)
	at net.fabricmc.loader.impl.launch.knot.Knot.launch(Knot.java:72)
	at net.fabricmc.loader.impl.launch.knot.KnotClient.main(KnotClient.java:23)
	at org.prismlauncher.launcher.impl.StandardLauncher.launch(StandardLauncher.java:115)
	at org.prismlauncher.EntryPoint.listen(EntryPoint.java:129)
	at org.prismlauncher.EntryPoint.main(EntryPoint.java:70)
[17:52:19] [Render thread/WARN]: Error reading pack metadata, attempting fallback type
com.google.gson.JsonParseException: Pack declares support for version newer than 64, but is missing mandatory fields min_format and max_format
	at knot//com.mojang.serialization.DataResult$Error.getOrThrow(DataResult.java:287)
	at knot//net.minecraft.server.packs.resources.ResourceMetadata$2.getSection(ResourceMetadata.java:40)
	at knot//net.minecraft.server.packs.AbstractPackResources.getMetadataSection(AbstractPackResources.java:26)
	at knot//net.minecraft.server.packs.repository.Pack.readPackMetadata(Pack.java:56)
	at knot//net.minecraft.server.packs.repository.Pack.readMetaAndCreate(Pack.java:41)
	at knot//net.minecraft.server.packs.repository.FolderRepositorySource.lambda$loadPacks$0(FolderRepositorySource.java:63)
	at knot//net.minecraft.server.packs.repository.FolderRepositorySource.discoverPacks(FolderRepositorySource.java:94)
	at knot//net.minecraft.server.packs.repository.FolderRepositorySource.loadPacks(FolderRepositorySource.java:59)
	at knot//net.minecraft.server.packs.repository.PackRepository.handler$dhc000$globalpacks$globalpackls_discoverAvailable(PackRepository.java:1559)
	at knot//net.minecraft.server.packs.repository.PackRepository.discoverAvailable(PackRepository.java:45)
	at knot//net.minecraft.server.packs.repository.PackRepository.reload(PackRepository.java:36)
	at knot//wily.legacy.skins.skin.SkinPackFiles.enableResourcePack(SkinPackFiles.java:48)
	at knot//wily.legacy.skins.skin.DownloadedSkinPackStore.enableResourcePack(DownloadedSkinPackStore.java:76)
	at knot//net.minecraft.client.Options.enableManagedSkinPacks(Options.java:4383)
	at knot//net.minecraft.client.Options.handler$ehn000$legacy$loadSelectedResourcePacks(Options.java:4371)
	at knot//net.minecraft.client.Options.loadSelectedResourcePacks(Options.java)
	at knot//net.minecraft.client.Minecraft.<init>(Minecraft.java:575)
	at knot//net.minecraft.client.main.Main.main(Main.java:232)
	at net.fabricmc.loader.impl.game.minecraft.MinecraftGameProvider.launch(MinecraftGameProvider.java:517)
	at net.fabricmc.loader.impl.launch.knot.Knot.launch(Knot.java:72)
	at net.fabricmc.loader.impl.launch.knot.KnotClient.main(KnotClient.java:23)
	at org.prismlauncher.launcher.impl.StandardLauncher.launch(StandardLauncher.java:115)
	at org.prismlauncher.EntryPoint.listen(EntryPoint.java:129)
	at org.prismlauncher.EntryPoint.main(EntryPoint.java:70)
[17:52:19] [Render thread/WARN]: Error reading pack metadata, attempting fallback type
com.google.gson.JsonParseException: Pack version declaration mismatch between supported_formats (from 34) and min_format (16.0)
	at knot//com.mojang.serialization.DataResult$Error.getOrThrow(DataResult.java:287)
	at knot//net.minecraft.server.packs.resources.ResourceMetadata$2.getSection(ResourceMetadata.java:40)
	at knot//net.minecraft.server.packs.AbstractPackResources.getMetadataSection(AbstractPackResources.java:26)
	at knot//net.minecraft.server.packs.repository.Pack.readPackMetadata(Pack.java:56)
	at knot//net.minecraft.server.packs.repository.Pack.readMetaAndCreate(Pack.java:41)
	at knot//net.minecraft.server.packs.repository.FolderRepositorySource.lambda$loadPacks$0(FolderRepositorySource.java:63)
	at knot//net.minecraft.server.packs.repository.FolderRepositorySource.discoverPacks(FolderRepositorySource.java:94)
	at knot//net.minecraft.server.packs.repository.FolderRepositorySource.loadPacks(FolderRepositorySource.java:59)
	at knot//net.minecraft.server.packs.repository.PackRepository.handler$dhc000$globalpacks$globalpackls_discoverAvailable(PackRepository.java:1559)
	at knot//net.minecraft.server.packs.repository.PackRepository.discoverAvailable(PackRepository.java:45)
	at knot//net.minecraft.server.packs.repository.PackRepository.reload(PackRepository.java:36)
	at knot//wily.legacy.skins.skin.SkinPackFiles.enableResourcePack(SkinPackFiles.java:48)
	at knot//wily.legacy.skins.skin.DownloadedSkinPackStore.enableResourcePack(DownloadedSkinPackStore.java:76)
	at knot//net.minecraft.client.Options.enableManagedSkinPacks(Options.java:4383)
	at knot//net.minecraft.client.Options.handler$ehn000$legacy$loadSelectedResourcePacks(Options.java:4371)
	at knot//net.minecraft.client.Options.loadSelectedResourcePacks(Options.java)
	at knot//net.minecraft.client.Minecraft.<init>(Minecraft.java:575)
	at knot//net.minecraft.client.main.Main.main(Main.java:232)
	at net.fabricmc.loader.impl.game.minecraft.MinecraftGameProvider.launch(MinecraftGameProvider.java:517)
	at net.fabricmc.loader.impl.launch.knot.Knot.launch(Knot.java:72)
	at net.fabricmc.loader.impl.launch.knot.KnotClient.main(KnotClient.java:23)
	at org.prismlauncher.launcher.impl.StandardLauncher.launch(StandardLauncher.java:115)
	at org.prismlauncher.EntryPoint.listen(EntryPoint.java:129)
	at org.prismlauncher.EntryPoint.main(EntryPoint.java:70)
[17:52:19] [Render thread/WARN]: Error reading pack metadata, attempting fallback type
com.google.gson.JsonParseException: Pack version declaration mismatch between supported_formats (from 34) and min_format (16.0)
	at knot//com.mojang.serialization.DataResult$Error.getOrThrow(DataResult.java:287)
	at knot//net.minecraft.server.packs.resources.ResourceMetadata$2.getSection(ResourceMetadata.java:40)
	at knot//net.minecraft.server.packs.AbstractPackResources.getMetadataSection(AbstractPackResources.java:26)
	at knot//net.minecraft.server.packs.repository.Pack.readPackMetadata(Pack.java:56)
	at knot//net.minecraft.server.packs.repository.Pack.readMetaAndCreate(Pack.java:41)
	at knot//net.minecraft.server.packs.repository.FolderRepositorySource.lambda$loadPacks$0(FolderRepositorySource.java:63)
	at knot//net.minecraft.server.packs.repository.FolderRepositorySource.discoverPacks(FolderRepositorySource.java:94)
	at knot//net.minecraft.server.packs.repository.FolderRepositorySource.loadPacks(FolderRepositorySource.java:59)
	at knot//net.minecraft.server.packs.repository.PackRepository.handler$dhc000$globalpacks$globalpackls_discoverAvailable(PackRepository.java:1559)
	at knot//net.minecraft.server.packs.repository.PackRepository.discoverAvailable(PackRepository.java:45)
	at knot//net.minecraft.server.packs.repository.PackRepository.reload(PackRepository.java:36)
	at knot//wily.legacy.skins.skin.SkinPackFiles.enableResourcePack(SkinPackFiles.java:48)
	at knot//wily.legacy.skins.skin.DownloadedSkinPackStore.enableResourcePack(DownloadedSkinPackStore.java:76)
	at knot//net.minecraft.client.Options.enableManagedSkinPacks(Options.java:4383)
	at knot//net.minecraft.client.Options.handler$ehn000$legacy$loadSelectedResourcePacks(Options.java:4371)
	at knot//net.minecraft.client.Options.loadSelectedResourcePacks(Options.java)
	at knot//net.minecraft.client.Minecraft.<init>(Minecraft.java:575)
	at knot//net.minecraft.client.main.Main.main(Main.java:232)
	at net.fabricmc.loader.impl.game.minecraft.MinecraftGameProvider.launch(MinecraftGameProvider.java:517)
	at net.fabricmc.loader.impl.launch.knot.Knot.launch(Knot.java:72)
	at net.fabricmc.loader.impl.launch.knot.KnotClient.main(KnotClient.java:23)
	at org.prismlauncher.launcher.impl.StandardLauncher.launch(StandardLauncher.java:115)
	at org.prismlauncher.EntryPoint.listen(EntryPoint.java:129)
	at org.prismlauncher.EntryPoint.main(EntryPoint.java:70)
[17:52:19] [Render thread/WARN]: Error reading pack metadata, attempting fallback type
com.google.gson.JsonParseException: Pack declares support for version newer than 64, but is missing mandatory fields min_format and max_format
	at knot//com.mojang.serialization.DataResult$Error.getOrThrow(DataResult.java:287)
	at knot//net.minecraft.server.packs.resources.ResourceMetadata$2.getSection(ResourceMetadata.java:40)
	at knot//net.minecraft.server.packs.AbstractPackResources.getMetadataSection(AbstractPackResources.java:26)
	at knot//net.minecraft.server.packs.repository.Pack.readPackMetadata(Pack.java:56)
	at knot//net.minecraft.server.packs.repository.Pack.readMetaAndCreate(Pack.java:41)
	at knot//net.minecraft.server.packs.repository.FolderRepositorySource.lambda$loadPacks$0(FolderRepositorySource.java:63)
	at knot//net.minecraft.server.packs.repository.FolderRepositorySource.discoverPacks(FolderRepositorySource.java:94)
	at knot//net.minecraft.server.packs.repository.FolderRepositorySource.loadPacks(FolderRepositorySource.java:59)
	at knot//net.minecraft.server.packs.repository.PackRepository.handler$dhc000$globalpacks$globalpackls_discoverAvailable(PackRepository.java:1559)
	at knot//net.minecraft.server.packs.repository.PackRepository.discoverAvailable(PackRepository.java:45)
	at knot//net.minecraft.server.packs.repository.PackRepository.reload(PackRepository.java:36)
	at knot//wily.legacy.skins.skin.SkinPackFiles.enableResourcePack(SkinPackFiles.java:48)
	at knot//wily.legacy.skins.skin.DownloadedSkinPackStore.enableResourcePack(DownloadedSkinPackStore.java:76)
	at knot//net.minecraft.client.Options.enableManagedSkinPacks(Options.java:4383)
	at knot//net.minecraft.client.Options.handler$ehn000$legacy$loadSelectedResourcePacks(Options.java:4371)
	at knot//net.minecraft.client.Options.loadSelectedResourcePacks(Options.java)
	at knot//net.minecraft.client.Minecraft.<init>(Minecraft.java:575)
	at knot//net.minecraft.client.main.Main.main(Main.java:232)
	at net.fabricmc.loader.impl.game.minecraft.MinecraftGameProvider.launch(MinecraftGameProvider.java:517)
	at net.fabricmc.loader.impl.launch.knot.Knot.launch(Knot.java:72)
	at net.fabricmc.loader.impl.launch.knot.KnotClient.main(KnotClient.java:23)
	at org.prismlauncher.launcher.impl.StandardLauncher.launch(StandardLauncher.java:115)
	at org.prismlauncher.EntryPoint.listen(EntryPoint.java:129)
	at org.prismlauncher.EntryPoint.main(EntryPoint.java:70)
[17:52:19] [main/INFO]: Block minecraft:grass_block had its color provider replaced with [mod.bluestaggo.modernerbeta.client.color.block.GrassBlockTintSource@66594b19] and will not use per-vertex coloring
[17:52:19] [main/INFO]: Block minecraft:pink_petals had its color provider replaced with [net.minecraft.client.color.block.BlockTintSources$$Lambda/0x00000000b1535698@50b35189, mod.bluestaggo.modernerbeta.client.color.block.GrassTintSource@73929640] and will not use per-vertex coloring
[17:52:19] [main/INFO]: Block minecraft:jungle_leaves had its color provider replaced with [mod.bluestaggo.modernerbeta.client.color.block.FoliageTintSource@450eea5f] and will not use per-vertex coloring
[17:52:19] [main/INFO]: Block minecraft:vine had its color provider replaced with [mod.bluestaggo.modernerbeta.client.color.block.FoliageTintSource@450eea5f] and will not use per-vertex coloring
[17:52:19] [main/INFO]: Block minecraft:bush had its color provider replaced with [mod.bluestaggo.modernerbeta.client.color.block.GrassTintSource@68bc7357] and will not use per-vertex coloring
[17:52:19] [main/INFO]: Block minecraft:oak_leaves had its color provider replaced with [mod.bluestaggo.modernerbeta.client.color.block.FoliageTintSource@450eea5f] and will not use per-vertex coloring
[17:52:19] [main/INFO]: Block minecraft:dark_oak_leaves had its color provider replaced with [mod.bluestaggo.modernerbeta.client.color.block.FoliageTintSource@450eea5f] and will not use per-vertex coloring
[17:52:19] [main/INFO]: Block minecraft:tall_grass had its color provider replaced with [mod.bluestaggo.modernerbeta.client.color.block.GrassTintSource@7d9f8911] and will not use per-vertex coloring
[17:52:19] [main/INFO]: Block minecraft:mangrove_leaves had its color provider replaced with [mod.bluestaggo.modernerbeta.client.color.block.FoliageTintSource@450eea5f] and will not use per-vertex coloring
[17:52:19] [main/INFO]: Block minecraft:fern had its color provider replaced with [mod.bluestaggo.modernerbeta.client.color.block.GrassTintSource@68bc7357] and will not use per-vertex coloring
[17:52:19] [main/INFO]: Block minecraft:short_grass had its color provider replaced with [mod.bluestaggo.modernerbeta.client.color.block.GrassTintSource@68bc7357] and will not use per-vertex coloring
[17:52:19] [main/INFO]: Block minecraft:potted_fern had its color provider replaced with [mod.bluestaggo.modernerbeta.client.color.block.GrassTintSource@68bc7357] and will not use per-vertex coloring
[17:52:19] [main/INFO]: Block minecraft:large_fern had its color provider replaced with [mod.bluestaggo.modernerbeta.client.color.block.GrassTintSource@7d9f8911] and will not use per-vertex coloring
[17:52:19] [main/INFO]: Block minecraft:wildflowers had its color provider replaced with [net.minecraft.client.color.block.BlockTintSources$$Lambda/0x00000000b1535698@50b35189, mod.bluestaggo.modernerbeta.client.color.block.GrassTintSource@73929640] and will not use per-vertex coloring
[17:52:19] [main/INFO]: Block minecraft:acacia_leaves had its color provider replaced with [mod.bluestaggo.modernerbeta.client.color.block.FoliageTintSource@450eea5f] and will not use per-vertex coloring
[17:52:19] [main/INFO]: Block minecraft:water_cauldron had its color provider replaced with [mod.bluestaggo.modernerbeta.client.color.block.WaterTintSource@27bb1276] and will not use per-vertex coloring
[17:52:19] [main/INFO]: Block minecraft:birch_leaves had its color provider replaced with [wily.legacy.Legacy4JClient$6@67a886b2] and will not use per-vertex coloring
[17:52:19] [main/INFO]: Block minecraft:water had its color provider replaced with [mod.bluestaggo.modernerbeta.client.color.block.WaterTintSource@27bb1276] and will not use per-vertex coloring
[17:52:19] [main/INFO]: Block minecraft:sugar_cane had its color provider replaced with [mod.bluestaggo.modernerbeta.client.color.block.ModernBetaConstantTintSource@321e0cf] and will not use per-vertex coloring
[17:52:19] [main/INFO]: Block minecraft:bubble_column had its color provider replaced with [mod.bluestaggo.modernerbeta.client.color.block.WaterTintSource@27bb1276] and will not use per-vertex coloring
[17:52:19] [Render thread/WARN]: Missing resource minecraft:textures/gui/title/mojang.png referenced from minecraft:textures/gui/title/mojang.png
[17:52:19] [Render thread/INFO]: Reloading ResourceManager: vanilla, animatica, animatium, antismooth, badoptimizations, bannerpoint, bedrockentitymodels, bedrockskins, betterf3, bhmenu, bobby, borderlessmining, bug-fixer-upper, c2me, cave_fog_stabilizer, chat_heads, claritymod, cloth-config, collective, conditional-mixin, config_manager, console_advancement_sounds, continuity, cpm, dualbar, e4mc, entity_model_features, entity_texture_features, entityculling, fabric-api, fabric-api-base, fabric-api-lookup-api-v1, fabric-biome-api-v1, fabric-block-api-v1, fabric-block-getter-api-v2, fabric-command-api-v2, fabric-content-registries-v0, fabric-convention-tags-v2, fabric-crash-report-info-v1, fabric-creative-tab-api-v1, fabric-data-attachment-api-v1, fabric-data-generation-api-v1, fabric-debug-api-v1, fabric-dimensions-v1, fabric-entity-events-v1, fabric-events-interaction-v0, fabric-game-rule-api-v1, fabric-item-api-v1, fabric-key-mapping-api-v1, fabric-language-kotlin, fabric-lifecycle-events-v1, fabric-loot-api-v3, fabric-menu-api-v1, fabric-message-api-v1, fabric-model-loading-api-v1, fabric-networking-api-v1, fabric-object-builder-api-v1, fabric-particles-v1, fabric-permission-api-v1, fabric-recipe-api-v1, fabric-registry-sync-v0, fabric-renderer-api-v1, fabric-renderer-indigo, fabric-rendering-fluids-v1, fabric-rendering-v1, fabric-resource-conditions-api-v1, fabric-resource-loader-v0, fabric-resource-loader-v1, fabric-screen-api-v1, fabric-serialization-api-v1, fabric-sound-api-v1, fabric-tag-api-v1, fabric-transfer-api-v1, fabric-transitive-access-wideners-v1, fabricloader, factory_api, fix-keyboard-on-linux, forgeconfigapiport, fzzy_config, globalpacks, immediatelyfast, kreno-fpatcher, l4jaddons, lambdabettergrass, languagereload, legacy, legacy_world_sizes, lithium, locator_lodestones, longview, macos_input_fixes, macos_input_fixes_helper, moderner_beta, modernfix, modernregsyncfix, modmenu, nochatreports, nopryingeyes, ok_zoomer, particle_core, picturemode, pingview, placeholder-api, pneumonocore, preferred-gamerules, proplacer, renderscale, scalablelux, skyboxify, sodium, sound_physics_remastered, spruceui, sspb, team_reborn_energy, trender, voicechat, whiteout, wrench_wrapper, wrench_wrapper_backend, yet_another_config_lib_v3, zconfig, zfastnoise, programmer_art, fabric-creative-tab-api-v1_programmer_art, legacy_programmer_art, modmenu_programmer_art, file/PACP_Base_Release.zip, legacy:legacy_waters, file/Legacy-Modpack-Resources.zip, file/Legacy Panorama, file/Legacy Worlds.zip, file/TutorialWorldAddon.zip, continuity:default, continuity:glass_pane_culling_fix, file/Transparency Fix.zip, legacy:legacy_resources, file/Legacy Titles.zip, file/Panorama, file/Legacy Downloaded Skinpacks, file/Legacy Custom Skinpacks, c418only:c418only, 2000s Edition Controller Tips, Clean World Loading, Community Splashes Pack, Fixed Chest Models, LCE Common Resources, Re-Console Resources
[17:52:19] [Render thread/INFO]: [LambdaBetterGrass] Reloading resources...
[17:52:19] [Worker-ResourceReload-9/WARN]: File console_advancement_sounds:sounds/advancement-sound-steam-rare.ogg does not exist, cannot add it to event console_advancement_sounds:advancement-sound-rare.steam
[17:52:19] [Worker-ResourceReload-9/WARN]: File minecraft:sounds/dig/grass5.ogg does not exist, cannot add it to event minecraft:block.azalea_leaves.break
[17:52:19] [Worker-ResourceReload-9/WARN]: File minecraft:sounds/dig/grass6.ogg does not exist, cannot add it to event minecraft:block.azalea_leaves.break
[17:52:19] [Worker-ResourceReload-8/WARN]: Codepoint 'f3' declared multiple times in legacy:textures/font/default_11.png
[17:52:19] [Worker-ResourceReload-8/WARN]: Codepoint 'd3' declared multiple times in legacy:textures/font/default_11.png
[17:52:19] [Render thread/WARN]: Invalid path in datapack: voicechat:textures/icons/microphone_button.png~, ignoring
[17:52:19] [Render thread/WARN]: Invalid path in datapack: voicechat:textures/icons/speaker_button.png~, ignoring
[17:52:19] [Worker-ResourceReload-9/WARN]: Invalid path in datapack: voicechat:textures/icons/microphone_button.png~, ignoring
[17:52:19] [Worker-ResourceReload-9/WARN]: Invalid path in datapack: voicechat:textures/icons/speaker_button.png~, ignoring
[17:52:20] [Worker-ResourceReload-3/INFO]: Found unifont_pua-17.0.01.hex, loading
[17:52:20] [Worker-ResourceReload-2/WARN]: Invalid path in datapack: minecraft:optifine/ctm/programmer art/glass/tinted/0.png, ignoring
[17:52:20] [Worker-ResourceReload-2/WARN]: Invalid path in datapack: minecraft:optifine/ctm/programmer art/glass/tinted/1.png, ignoring
[17:52:20] [Worker-ResourceReload-2/WARN]: Invalid path in datapack: minecraft:optifine/ctm/programmer art/glass/tinted/10.png, ignoring
[17:52:20] [Worker-ResourceReload-2/WARN]: Invalid path in datapack: minecraft:optifine/ctm/programmer art/glass/tinted/11.png, ignoring
[17:52:20] [Worker-ResourceReload-2/WARN]: Invalid path in datapack: minecraft:optifine/ctm/programmer art/glass/tinted/12.png, ignoring
[17:52:20] [Worker-ResourceReload-2/WARN]: Invalid path in datapack: minecraft:optifine/ctm/programmer art/glass/tinted/13.png, ignoring
[17:52:20] [Worker-ResourceReload-2/WARN]: Invalid path in datapack: minecraft:optifine/ctm/programmer art/glass/tinted/14.png, ignoring
[17:52:20] [Worker-ResourceReload-2/WARN]: Invalid path in datapack: minecraft:optifine/ctm/programmer art/glass/tinted/15.png, ignoring
[17:52:20] [Worker-ResourceReload-2/WARN]: Invalid path in datapack: minecraft:optifine/ctm/programmer art/glass/tinted/16.png, ignoring
[17:52:20] [Worker-ResourceReload-2/WARN]: Invalid path in datapack: minecraft:optifine/ctm/programmer art/glass/tinted/17.png, ignoring
[17:52:20] [Worker-ResourceReload-2/WARN]: Invalid path in datapack: minecraft:optifine/ctm/programmer art/glass/tinted/18.png, ignoring
[17:52:20] [Worker-ResourceReload-2/WARN]: Invalid path in datapack: minecraft:optifine/ctm/programmer art/glass/tinted/19.png, ignoring
[17:52:20] [Worker-ResourceReload-2/WARN]: Invalid path in datapack: minecraft:optifine/ctm/programmer art/glass/tinted/2.png, ignoring
[17:52:20] [Worker-ResourceReload-2/WARN]: Invalid path in datapack: minecraft:optifine/ctm/programmer art/glass/tinted/20.png, ignoring
[17:52:20] [Worker-ResourceReload-2/WARN]: Invalid path in datapack: minecraft:optifine/ctm/programmer art/glass/tinted/21.png, ignoring
[17:52:20] [Worker-ResourceReload-2/WARN]: Invalid path in datapack: minecraft:optifine/ctm/programmer art/glass/tinted/22.png, ignoring
[17:52:20] [Worker-ResourceReload-2/WARN]: Invalid path in datapack: minecraft:optifine/ctm/programmer art/glass/tinted/23.png, ignoring
[17:52:20] [Worker-ResourceReload-2/WARN]: Invalid path in datapack: minecraft:optifine/ctm/programmer art/glass/tinted/24.png, ignoring
[17:52:20] [Worker-ResourceReload-2/WARN]: Invalid path in datapack: minecraft:optifine/ctm/programmer art/glass/tinted/25.png, ignoring
[17:52:20] [Worker-ResourceReload-2/WARN]: Invalid path in datapack: minecraft:optifine/ctm/programmer art/glass/tinted/26.png, ignoring
[17:52:20] [Worker-ResourceReload-2/WARN]: Invalid path in datapack: minecraft:optifine/ctm/programmer art/glass/tinted/27.png, ignoring
[17:52:20] [Worker-ResourceReload-2/WARN]: Invalid path in datapack: minecraft:optifine/ctm/programmer art/glass/tinted/28.png, ignoring
[17:52:20] [Worker-ResourceReload-2/WARN]: Invalid path in datapack: minecraft:optifine/ctm/programmer art/glass/tinted/29.png, ignoring
[17:52:20] [Worker-ResourceReload-2/WARN]: Invalid path in datapack: minecraft:optifine/ctm/programmer art/glass/tinted/3.png, ignoring
[17:52:20] [Worker-ResourceReload-2/WARN]: Invalid path in datapack: minecraft:optifine/ctm/programmer art/glass/tinted/30.png, ignoring
[17:52:20] [Worker-ResourceReload-2/WARN]: Invalid path in datapack: minecraft:optifine/ctm/programmer art/glass/tinted/31.png, ignoring
[17:52:20] [Worker-ResourceReload-2/WARN]: Invalid path in datapack: minecraft:optifine/ctm/programmer art/glass/tinted/32.png, ignoring
[17:52:20] [Worker-ResourceReload-2/WARN]: Invalid path in datapack: minecraft:optifine/ctm/programmer art/glass/tinted/33.png, ignoring
[17:52:20] [Worker-ResourceReload-2/WARN]: Invalid path in datapack: minecraft:optifine/ctm/programmer art/glass/tinted/34.png, ignoring
[17:52:20] [Worker-ResourceReload-2/WARN]: Invalid path in datapack: minecraft:optifine/ctm/programmer art/glass/tinted/35.png, ignoring
[17:52:20] [Worker-ResourceReload-2/WARN]: Invalid path in datapack: minecraft:optifine/ctm/programmer art/glass/tinted/36.png, ignoring
[17:52:20] [Worker-ResourceReload-2/WARN]: Invalid path in datapack: minecraft:optifine/ctm/programmer art/glass/tinted/37.png, ignoring
[17:52:20] [Worker-ResourceReload-2/WARN]: Invalid path in datapack: minecraft:optifine/ctm/programmer art/glass/tinted/38.png, ignoring
[17:52:20] [Worker-ResourceReload-2/WARN]: Invalid path in datapack: minecraft:optifine/ctm/programmer art/glass/tinted/39.png, ignoring
[17:52:20] [Worker-ResourceReload-2/WARN]: Invalid path in datapack: minecraft:optifine/ctm/programmer art/glass/tinted/4.png, ignoring
[17:52:20] [Worker-ResourceReload-2/WARN]: Invalid path in datapack: minecraft:optifine/ctm/programmer art/glass/tinted/40.png, ignoring
[17:52:20] [Worker-ResourceReload-2/WARN]: Invalid path in datapack: minecraft:optifine/ctm/programmer art/glass/tinted/41.png, ignoring
[17:52:20] [Worker-ResourceReload-2/WARN]: Invalid path in datapack: minecraft:optifine/ctm/programmer art/glass/tinted/42.png, ignoring
[17:52:20] [Worker-ResourceReload-2/WARN]: Invalid path in datapack: minecraft:optifine/ctm/programmer art/glass/tinted/43.png, ignoring
[17:52:20] [Worker-ResourceReload-2/WARN]: Invalid path in datapack: minecraft:optifine/ctm/programmer art/glass/tinted/44.png, ignoring
[17:52:20] [Worker-ResourceReload-2/WARN]: Invalid path in datapack: minecraft:optifine/ctm/programmer art/glass/tinted/45.png, ignoring
[17:52:20] [Worker-ResourceReload-2/WARN]: Invalid path in datapack: minecraft:optifine/ctm/programmer art/glass/tinted/46.png, ignoring
[17:52:20] [Worker-ResourceReload-2/WARN]: Invalid path in datapack: minecraft:optifine/ctm/programmer art/glass/tinted/5.png, ignoring
[17:52:20] [Worker-ResourceReload-2/WARN]: Invalid path in datapack: minecraft:optifine/ctm/programmer art/glass/tinted/6.png, ignoring
[17:52:20] [Worker-ResourceReload-2/WARN]: Invalid path in datapack: minecraft:optifine/ctm/programmer art/glass/tinted/7.png, ignoring
[17:52:20] [Worker-ResourceReload-2/WARN]: Invalid path in datapack: minecraft:optifine/ctm/programmer art/glass/tinted/8.png, ignoring
[17:52:20] [Worker-ResourceReload-2/WARN]: Invalid path in datapack: minecraft:optifine/ctm/programmer art/glass/tinted/9.png, ignoring
[17:52:20] [Worker-ResourceReload-2/WARN]: Invalid path in datapack: minecraft:optifine/ctm/programmer art/glass/tinted/glass.properties, ignoring
[17:52:20] [Worker-ResourceReload-2/WARN]: Invalid path in datapack: continuity:optifine/ctm/programmer art/glass/tinted/0.png, ignoring
[17:52:20] [Worker-ResourceReload-2/WARN]: Invalid path in datapack: continuity:optifine/ctm/programmer art/glass/tinted/1.png, ignoring
[17:52:20] [Worker-ResourceReload-2/WARN]: Invalid path in datapack: continuity:optifine/ctm/programmer art/glass/tinted/10.png, ignoring
[17:52:20] [Worker-ResourceReload-2/WARN]: Invalid path in datapack: continuity:optifine/ctm/programmer art/glass/tinted/11.png, ignoring
[17:52:20] [Worker-ResourceReload-2/WARN]: Invalid path in datapack: continuity:optifine/ctm/programmer art/glass/tinted/12.png, ignoring
[17:52:20] [Worker-ResourceReload-2/WARN]: Invalid path in datapack: continuity:optifine/ctm/programmer art/glass/tinted/13.png, ignoring
[17:52:20] [Worker-ResourceReload-2/WARN]: Invalid path in datapack: continuity:optifine/ctm/programmer art/glass/tinted/14.png, ignoring
[17:52:20] [Worker-ResourceReload-2/WARN]: Invalid path in datapack: continuity:optifine/ctm/programmer art/glass/tinted/15.png, ignoring
[17:52:20] [Worker-ResourceReload-2/WARN]: Invalid path in datapack: continuity:optifine/ctm/programmer art/glass/tinted/16.png, ignoring
[17:52:20] [Worker-ResourceReload-2/WARN]: Invalid path in datapack: continuity:optifine/ctm/programmer art/glass/tinted/17.png, ignoring
[17:52:20] [Worker-ResourceReload-2/WARN]: Invalid path in datapack: continuity:optifine/ctm/programmer art/glass/tinted/18.png, ignoring
[17:52:20] [Worker-ResourceReload-2/WARN]: Invalid path in datapack: continuity:optifine/ctm/programmer art/glass/tinted/19.png, ignoring
[17:52:20] [Worker-ResourceReload-2/WARN]: Invalid path in datapack: continuity:optifine/ctm/programmer art/glass/tinted/2.png, ignoring
[17:52:20] [Worker-ResourceReload-2/WARN]: Invalid path in datapack: continuity:optifine/ctm/programmer art/glass/tinted/20.png, ignoring
[17:52:20] [Worker-ResourceReload-2/WARN]: Invalid path in datapack: continuity:optifine/ctm/programmer art/glass/tinted/21.png, ignoring
[17:52:20] [Worker-ResourceReload-2/WARN]: Invalid path in datapack: continuity:optifine/ctm/programmer art/glass/tinted/22.png, ignoring
[17:52:20] [Worker-ResourceReload-2/WARN]: Invalid path in datapack: continuity:optifine/ctm/programmer art/glass/tinted/23.png, ignoring
[17:52:20] [Worker-ResourceReload-2/WARN]: Invalid path in datapack: continuity:optifine/ctm/programmer art/glass/tinted/24.png, ignoring
[17:52:20] [Worker-ResourceReload-2/WARN]: Invalid path in datapack: continuity:optifine/ctm/programmer art/glass/tinted/25.png, ignoring
[17:52:20] [Worker-ResourceReload-2/WARN]: Invalid path in datapack: continuity:optifine/ctm/programmer art/glass/tinted/26.png, ignoring
[17:52:20] [Worker-ResourceReload-2/WARN]: Invalid path in datapack: continuity:optifine/ctm/programmer art/glass/tinted/27.png, ignoring
[17:52:20] [Worker-ResourceReload-2/WARN]: Invalid path in datapack: continuity:optifine/ctm/programmer art/glass/tinted/28.png, ignoring
[17:52:20] [Worker-ResourceReload-2/WARN]: Invalid path in datapack: continuity:optifine/ctm/programmer art/glass/tinted/29.png, ignoring
[17:52:20] [Worker-ResourceReload-2/WARN]: Invalid path in datapack: continuity:optifine/ctm/programmer art/glass/tinted/3.png, ignoring
[17:52:20] [Worker-ResourceReload-2/WARN]: Invalid path in datapack: continuity:optifine/ctm/programmer art/glass/tinted/30.png, ignoring
[17:52:20] [Worker-ResourceReload-2/WARN]: Invalid path in datapack: continuity:optifine/ctm/programmer art/glass/tinted/31.png, ignoring
[17:52:20] [Worker-ResourceReload-2/WARN]: Invalid path in datapack: continuity:optifine/ctm/programmer art/glass/tinted/32.png, ignoring
[17:52:20] [Worker-ResourceReload-2/WARN]: Invalid path in datapack: continuity:optifine/ctm/programmer art/glass/tinted/33.png, ignoring
[17:52:20] [Worker-ResourceReload-2/WARN]: Invalid path in datapack: continuity:optifine/ctm/programmer art/glass/tinted/34.png, ignoring
[17:52:20] [Worker-ResourceReload-2/WARN]: Invalid path in datapack: continuity:optifine/ctm/programmer art/glass/tinted/35.png, ignoring
[17:52:20] [Worker-ResourceReload-2/WARN]: Invalid path in datapack: continuity:optifine/ctm/programmer art/glass/tinted/36.png, ignoring
[17:52:20] [Worker-ResourceReload-2/WARN]: Invalid path in datapack: continuity:optifine/ctm/programmer art/glass/tinted/37.png, ignoring
[17:52:20] [Worker-ResourceReload-2/WARN]: Invalid path in datapack: continuity:optifine/ctm/programmer art/glass/tinted/38.png, ignoring
[17:52:20] [Worker-ResourceReload-2/WARN]: Invalid path in datapack: continuity:optifine/ctm/programmer art/glass/tinted/39.png, ignoring
[17:52:20] [Worker-ResourceReload-2/WARN]: Invalid path in datapack: continuity:optifine/ctm/programmer art/glass/tinted/4.png, ignoring
[17:52:20] [Worker-ResourceReload-2/WARN]: Invalid path in datapack: continuity:optifine/ctm/programmer art/glass/tinted/40.png, ignoring
[17:52:20] [Worker-ResourceReload-2/WARN]: Invalid path in datapack: continuity:optifine/ctm/programmer art/glass/tinted/41.png, ignoring
[17:52:20] [Worker-ResourceReload-2/WARN]: Invalid path in datapack: continuity:optifine/ctm/programmer art/glass/tinted/42.png, ignoring
[17:52:20] [Worker-ResourceReload-2/WARN]: Invalid path in datapack: continuity:optifine/ctm/programmer art/glass/tinted/43.png, ignoring
[17:52:20] [Worker-ResourceReload-2/WARN]: Invalid path in datapack: continuity:optifine/ctm/programmer art/glass/tinted/44.png, ignoring
[17:52:20] [Worker-ResourceReload-2/WARN]: Invalid path in datapack: continuity:optifine/ctm/programmer art/glass/tinted/45.png, ignoring
[17:52:20] [Worker-ResourceReload-2/WARN]: Invalid path in datapack: continuity:optifine/ctm/programmer art/glass/tinted/46.png, ignoring
[17:52:20] [Worker-ResourceReload-2/WARN]: Invalid path in datapack: continuity:optifine/ctm/programmer art/glass/tinted/5.png, ignoring
[17:52:20] [Worker-ResourceReload-2/WARN]: Invalid path in datapack: continuity:optifine/ctm/programmer art/glass/tinted/6.png, ignoring
[17:52:20] [Worker-ResourceReload-2/WARN]: Invalid path in datapack: continuity:optifine/ctm/programmer art/glass/tinted/7.png, ignoring
[17:52:20] [Worker-ResourceReload-2/WARN]: Invalid path in datapack: continuity:optifine/ctm/programmer art/glass/tinted/8.png, ignoring
[17:52:20] [Worker-ResourceReload-2/WARN]: Invalid path in datapack: continuity:optifine/ctm/programmer art/glass/tinted/9.png, ignoring
[17:52:20] [Worker-ResourceReload-2/WARN]: Invalid path in datapack: continuity:optifine/ctm/programmer art/glass/tinted/glass.properties, ignoring
[17:52:20] [Worker-ResourceReload-10/INFO]: Found unifont_all_no_pua-17.0.01.hex, loading
[17:52:20] [Worker-ResourceReload-3/INFO]: Found unifont_jp_patch-17.0.01.hex, loading
[17:52:21] [Render thread/INFO]: [EMF]: Clearing data for reload.
[17:52:21] [Render thread/INFO]: [Ok Zoomer] °w° what's this
[17:52:21] [Render thread/WARN]: Added SDL Controller Mappings: 1 Code
[17:52:21] [Render thread/WARN]: minecraft:pipeline/entity_cutout_dissolve shader program does not use sampler DissolveMaskSampler defined in the pipeline. This might be a bug.
[17:52:21] [Render thread/INFO]: OpenAL initialized on device OpenAL Soft on MoboRearAux (2- Realtek(R) Audio)
[17:52:21] [Render thread/INFO]: Initializing Sound Physics
[17:52:21] [Render thread/INFO]: EFX Extension recognized
[17:52:21] [Render thread/INFO]: Max auxiliary sends: 4
[17:52:21] [Render thread/INFO]: Aux slot 1 created
[17:52:21] [Render thread/INFO]: Aux slot 2 created
[17:52:21] [Render thread/INFO]: Aux slot 3 created
[17:52:21] [Render thread/INFO]: Aux slot 4 created
[17:52:21] [Render thread/INFO]: EFX ready
[17:52:21] [Render thread/INFO]: Sound engine started
[17:52:21] [Render thread/INFO]: Created: 512x256x0 minecraft:textures/atlas/particles.png-atlas
[17:52:21] [Render thread/INFO]: Created: 128x128x0 minecraft:textures/atlas/decorated_pot.png-atlas
[17:52:21] [Render thread/INFO]: Created: 2048x1024x0 minecraft:textures/atlas/armor_trims.png-atlas
[17:52:21] [Render thread/INFO]: Created: 512x256x0 minecraft:textures/atlas/paintings.png-atlas
[17:52:21] [Render thread/INFO]: Created: 1024x512x0 minecraft:textures/atlas/shield_patterns.png-atlas
[17:52:21] [Render thread/INFO]: Created: 4096x2048x4 minecraft:textures/atlas/blocks.png-atlas
[17:52:21] [Render thread/INFO]: Created: 512x512x0 minecraft:textures/atlas/chest.png-atlas
[17:52:21] [Render thread/INFO]: Created: 256x128x0 minecraft:textures/atlas/celestials.png-atlas
[17:52:21] [Render thread/INFO]: Created: 1024x512x0 minecraft:textures/atlas/banner_patterns.png-atlas
[17:52:21] [Render thread/INFO]: Created: 512x512x0 minecraft:textures/atlas/beds.png-atlas
[17:52:21] [Render thread/INFO]: Created: 1024x512x0 minecraft:textures/atlas/items.png-atlas
[17:52:21] [Render thread/INFO]: Created: 4096x4096x0 minecraft:textures/atlas/gui.png-atlas
[17:52:22] [Render thread/INFO]: Created: 128x64x0 minecraft:textures/atlas/map_decorations.png-atlas
[17:52:22] [Render thread/INFO]: Created: 512x256x0 minecraft:textures/atlas/signs.png-atlas
[17:52:22] [Render thread/INFO]: Created: 512x512x0 minecraft:textures/atlas/shulker_boxes.png-atlas
[17:52:22] [Render thread/ERROR]: Invalid path in mod resource-pack betterf3: betterf3:lang/README.md, ignoring
[17:52:22] [Render thread/INFO]: [EMF]: EMF did not find the Iris API, disabling shadow pass detection
[17:52:22] [Render thread/INFO]: Thread[#3,Render thread,10,main]
[17:52:22] [Render thread/INFO]: OpenGL Vendor: NVIDIA Corporation
[17:52:22] [Render thread/INFO]: OpenGL Renderer: NVIDIA GeForce RTX 3060/PCIe/SSE2
[17:52:22] [Render thread/INFO]: OpenGL Version: 3.3.0 NVIDIA 617.14
[17:52:22] [Render thread/INFO]: Modifying OpenGL context to apply workarounds for the NVIDIA graphics driver...
[17:52:22] [Render thread/INFO]: Enabling GL_DEBUG_OUTPUT_SYNCHRONOUS to force the NVIDIA driver to disable threaded command submission
[17:52:22] [main/INFO]: Dynamic entity renderer hook setup
[17:52:22] [Render thread/WARN]: Invalid path in datapack: voicechat:textures/icons/microphone_button.png~, ignoring
[17:52:22] [Render thread/WARN]: Invalid path in datapack: voicechat:textures/icons/speaker_button.png~, ignoring
[17:52:22] [Render thread/INFO]: Loaded scale 0.35 for entity: bat
[17:52:23] [Render thread/ERROR]: Invalid path in mod resource-pack betterf3: betterf3:lang/README.md, ignoring
[17:52:23] [Render thread/INFO]: Loaded 0 built-in, 0 custom biome tags
[17:52:23] [Render thread/INFO]: Loaded 0 built-in, 0 custom block tags
[17:52:23] [Render thread/INFO]: Loaded 0 built-in, 0 custom entity tags
[17:52:23] [Render thread/INFO]: Loaded 6 built-in, 0 custom item tags
[17:52:24] [Render thread/INFO]: Loaded 1518 recipes
[17:52:24] [Render thread/INFO]: Loaded 1617 advancements
[17:52:24] [main/WARN]: Initial datapack load took 1.290 s
[17:52:24] [Render thread/INFO]: [ETF]: reloading ETF data.
[17:52:24] [Render thread/INFO]: [ETF]: emissive suffixes loaded: [_e]
[17:52:24] [Render thread/INFO]: [ETF]: emissive suffixes loaded: [_e]
[17:52:26] [Render thread/INFO]: Size changed to 1920x1017 854x480 640x339
[17:52:26] [Render thread/INFO]: [EMF]: Clearing data for reload.
[17:52:26] [Render thread/WARN]: Error reading pack metadata, attempting fallback type
com.google.gson.JsonParseException: Pack declares support for version newer than 64, but is missing mandatory fields min_format and max_format
	at knot//com.mojang.serialization.DataResult$Error.getOrThrow(DataResult.java:287)
	at knot//net.minecraft.server.packs.resources.ResourceMetadata$2.getSection(ResourceMetadata.java:40)
	at knot//net.minecraft.server.packs.AbstractPackResources.getMetadataSection(AbstractPackResources.java:26)
	at knot//net.minecraft.server.packs.repository.Pack.readPackMetadata(Pack.java:56)
	at knot//net.minecraft.server.packs.repository.Pack.readMetaAndCreate(Pack.java:41)
	at knot//net.minecraft.server.packs.repository.FolderRepositorySource.lambda$loadPacks$0(FolderRepositorySource.java:63)
	at knot//net.minecraft.server.packs.repository.FolderRepositorySource.discoverPacks(FolderRepositorySource.java:94)
	at knot//net.minecraft.server.packs.repository.FolderRepositorySource.loadPacks(FolderRepositorySource.java:59)
	at knot//net.minecraft.server.packs.repository.PackRepository.discoverAvailable(PackRepository.java:43)
	at knot//net.minecraft.server.packs.repository.PackRepository.reload(PackRepository.java:36)
	at knot//net.minecraft.client.Minecraft.reloadResourcePacks(Minecraft.java:1116)
	at knot//net.minecraft.client.Minecraft.reloadResourcePacks(Minecraft.java:1100)
	at knot//net.minecraft.client.Minecraft.runTick(Minecraft.java:1333)
	at knot//net.minecraft.client.Minecraft.run(Minecraft.java:991)
	at knot//net.minecraft.client.main.Main.main(Main.java:248)
	at net.fabricmc.loader.impl.game.minecraft.MinecraftGameProvider.launch(MinecraftGameProvider.java:517)
	at net.fabricmc.loader.impl.launch.knot.Knot.launch(Knot.java:72)
	at net.fabricmc.loader.impl.launch.knot.KnotClient.main(KnotClient.java:23)
	at org.prismlauncher.launcher.impl.StandardLauncher.launch(StandardLauncher.java:115)
	at org.prismlauncher.EntryPoint.listen(EntryPoint.java:129)
	at org.prismlauncher.EntryPoint.main(EntryPoint.java:70)
[17:52:26] [Render thread/WARN]: Error reading pack metadata, attempting fallback type
com.google.gson.JsonParseException: Pack version declaration mismatch between supported_formats (from 34) and min_format (16.0)
	at knot//com.mojang.serialization.DataResult$Error.getOrThrow(DataResult.java:287)
	at knot//net.minecraft.server.packs.resources.ResourceMetadata$2.getSection(ResourceMetadata.java:40)
	at knot//net.minecraft.server.packs.AbstractPackResources.getMetadataSection(AbstractPackResources.java:26)
	at knot//net.minecraft.server.packs.repository.Pack.readPackMetadata(Pack.java:56)
	at knot//net.minecraft.server.packs.repository.Pack.readMetaAndCreate(Pack.java:41)
	at knot//net.minecraft.server.packs.repository.FolderRepositorySource.lambda$loadPacks$0(FolderRepositorySource.java:63)
	at knot//net.minecraft.server.packs.repository.FolderRepositorySource.discoverPacks(FolderRepositorySource.java:94)
	at knot//net.minecraft.server.packs.repository.FolderRepositorySource.loadPacks(FolderRepositorySource.java:59)
	at knot//net.minecraft.server.packs.repository.PackRepository.discoverAvailable(PackRepository.java:43)
	at knot//net.minecraft.server.packs.repository.PackRepository.reload(PackRepository.java:36)
	at knot//net.minecraft.client.Minecraft.reloadResourcePacks(Minecraft.java:1116)
	at knot//net.minecraft.client.Minecraft.reloadResourcePacks(Minecraft.java:1100)
	at knot//net.minecraft.client.Minecraft.runTick(Minecraft.java:1333)
	at knot//net.minecraft.client.Minecraft.run(Minecraft.java:991)
	at knot//net.minecraft.client.main.Main.main(Main.java:248)
	at net.fabricmc.loader.impl.game.minecraft.MinecraftGameProvider.launch(MinecraftGameProvider.java:517)
	at net.fabricmc.loader.impl.launch.knot.Knot.launch(Knot.java:72)
	at net.fabricmc.loader.impl.launch.knot.KnotClient.main(KnotClient.java:23)
	at org.prismlauncher.launcher.impl.StandardLauncher.launch(StandardLauncher.java:115)
	at org.prismlauncher.EntryPoint.listen(EntryPoint.java:129)
	at org.prismlauncher.EntryPoint.main(EntryPoint.java:70)
[17:52:26] [Render thread/WARN]: Error reading pack metadata, attempting fallback type
com.google.gson.JsonParseException: Pack version declaration mismatch between supported_formats (from 34) and min_format (16.0)
	at knot//com.mojang.serialization.DataResult$Error.getOrThrow(DataResult.java:287)
	at knot//net.minecraft.server.packs.resources.ResourceMetadata$2.getSection(ResourceMetadata.java:40)
	at knot//net.minecraft.server.packs.AbstractPackResources.getMetadataSection(AbstractPackResources.java:26)
	at knot//net.minecraft.server.packs.repository.Pack.readPackMetadata(Pack.java:56)
	at knot//net.minecraft.server.packs.repository.Pack.readMetaAndCreate(Pack.java:41)
	at knot//net.minecraft.server.packs.repository.FolderRepositorySource.lambda$loadPacks$0(FolderRepositorySource.java:63)
	at knot//net.minecraft.server.packs.repository.FolderRepositorySource.discoverPacks(FolderRepositorySource.java:94)
	at knot//net.minecraft.server.packs.repository.FolderRepositorySource.loadPacks(FolderRepositorySource.java:59)
	at knot//net.minecraft.server.packs.repository.PackRepository.discoverAvailable(PackRepository.java:43)
	at knot//net.minecraft.server.packs.repository.PackRepository.reload(PackRepository.java:36)
	at knot//net.minecraft.client.Minecraft.reloadResourcePacks(Minecraft.java:1116)
	at knot//net.minecraft.client.Minecraft.reloadResourcePacks(Minecraft.java:1100)
	at knot//net.minecraft.client.Minecraft.runTick(Minecraft.java:1333)
	at knot//net.minecraft.client.Minecraft.run(Minecraft.java:991)
	at knot//net.minecraft.client.main.Main.main(Main.java:248)
	at net.fabricmc.loader.impl.game.minecraft.MinecraftGameProvider.launch(MinecraftGameProvider.java:517)
	at net.fabricmc.loader.impl.launch.knot.Knot.launch(Knot.java:72)
	at net.fabricmc.loader.impl.launch.knot.KnotClient.main(KnotClient.java:23)
	at org.prismlauncher.launcher.impl.StandardLauncher.launch(StandardLauncher.java:115)
	at org.prismlauncher.EntryPoint.listen(EntryPoint.java:129)
	at org.prismlauncher.EntryPoint.main(EntryPoint.java:70)
[17:52:26] [Render thread/WARN]: Error reading pack metadata, attempting fallback type
com.google.gson.JsonParseException: Pack declares support for version newer than 64, but is missing mandatory fields min_format and max_format
	at knot//com.mojang.serialization.DataResult$Error.getOrThrow(DataResult.java:287)
	at knot//net.minecraft.server.packs.resources.ResourceMetadata$2.getSection(ResourceMetadata.java:40)
	at knot//net.minecraft.server.packs.AbstractPackResources.getMetadataSection(AbstractPackResources.java:26)
	at knot//net.minecraft.server.packs.repository.Pack.readPackMetadata(Pack.java:56)
	at knot//net.minecraft.server.packs.repository.Pack.readMetaAndCreate(Pack.java:41)
	at knot//net.minecraft.server.packs.repository.FolderRepositorySource.lambda$loadPacks$0(FolderRepositorySource.java:63)
	at knot//net.minecraft.server.packs.repository.FolderRepositorySource.discoverPacks(FolderRepositorySource.java:94)
	at knot//net.minecraft.server.packs.repository.FolderRepositorySource.loadPacks(FolderRepositorySource.java:59)
	at knot//net.minecraft.server.packs.repository.PackRepository.discoverAvailable(PackRepository.java:43)
	at knot//net.minecraft.server.packs.repository.PackRepository.reload(PackRepository.java:36)
	at knot//net.minecraft.client.Minecraft.reloadResourcePacks(Minecraft.java:1116)
	at knot//net.minecraft.client.Minecraft.reloadResourcePacks(Minecraft.java:1100)
	at knot//net.minecraft.client.Minecraft.runTick(Minecraft.java:1333)
	at knot//net.minecraft.client.Minecraft.run(Minecraft.java:991)
	at knot//net.minecraft.client.main.Main.main(Main.java:248)
	at net.fabricmc.loader.impl.game.minecraft.MinecraftGameProvider.launch(MinecraftGameProvider.java:517)
	at net.fabricmc.loader.impl.launch.knot.Knot.launch(Knot.java:72)
	at net.fabricmc.loader.impl.launch.knot.KnotClient.main(KnotClient.java:23)
	at org.prismlauncher.launcher.impl.StandardLauncher.launch(StandardLauncher.java:115)
	at org.prismlauncher.EntryPoint.listen(EntryPoint.java:129)
	at org.prismlauncher.EntryPoint.main(EntryPoint.java:70)
[17:52:26] [Render thread/WARN]: Error reading pack metadata, attempting fallback type
com.google.gson.JsonParseException: Pack declares support for version newer than 64, but is missing mandatory fields min_format and max_format
	at knot//com.mojang.serialization.DataResult$Error.getOrThrow(DataResult.java:287)
	at knot//net.minecraft.server.packs.resources.ResourceMetadata$2.getSection(ResourceMetadata.java:40)
	at knot//net.minecraft.server.packs.AbstractPackResources.getMetadataSection(AbstractPackResources.java:26)
	at knot//net.minecraft.server.packs.repository.Pack.readPackMetadata(Pack.java:56)
	at knot//net.minecraft.server.packs.repository.Pack.readMetaAndCreate(Pack.java:41)
	at knot//net.minecraft.server.packs.repository.FolderRepositorySource.lambda$loadPacks$0(FolderRepositorySource.java:63)
	at knot//net.minecraft.server.packs.repository.FolderRepositorySource.discoverPacks(FolderRepositorySource.java:94)
	at knot//net.minecraft.server.packs.repository.FolderRepositorySource.loadPacks(FolderRepositorySource.java:59)
	at knot//net.minecraft.server.packs.repository.PackRepository.discoverAvailable(PackRepository.java:43)
	at knot//net.minecraft.server.packs.repository.PackRepository.reload(PackRepository.java:36)
	at knot//net.minecraft.client.Minecraft.reloadResourcePacks(Minecraft.java:1116)
	at knot//net.minecraft.client.Minecraft.reloadResourcePacks(Minecraft.java:1100)
	at knot//net.minecraft.client.Minecraft.runTick(Minecraft.java:1333)
	at knot//net.minecraft.client.Minecraft.run(Minecraft.java:991)
	at knot//net.minecraft.client.main.Main.main(Main.java:248)
	at net.fabricmc.loader.impl.game.minecraft.MinecraftGameProvider.launch(MinecraftGameProvider.java:517)
	at net.fabricmc.loader.impl.launch.knot.Knot.launch(Knot.java:72)
	at net.fabricmc.loader.impl.launch.knot.KnotClient.main(KnotClient.java:23)
	at org.prismlauncher.launcher.impl.StandardLauncher.launch(StandardLauncher.java:115)
	at org.prismlauncher.EntryPoint.listen(EntryPoint.java:129)
	at org.prismlauncher.EntryPoint.main(EntryPoint.java:70)
[17:52:26] [Render thread/WARN]: Error reading pack metadata, attempting fallback type
com.google.gson.JsonParseException: Pack version declaration mismatch between supported_formats (from 34) and min_format (16.0)
	at knot//com.mojang.serialization.DataResult$Error.getOrThrow(DataResult.java:287)
	at knot//net.minecraft.server.packs.resources.ResourceMetadata$2.getSection(ResourceMetadata.java:40)
	at knot//net.minecraft.server.packs.AbstractPackResources.getMetadataSection(AbstractPackResources.java:26)
	at knot//net.minecraft.server.packs.repository.Pack.readPackMetadata(Pack.java:56)
	at knot//net.minecraft.server.packs.repository.Pack.readMetaAndCreate(Pack.java:41)
	at knot//net.minecraft.server.packs.repository.FolderRepositorySource.lambda$loadPacks$0(FolderRepositorySource.java:63)
	at knot//net.minecraft.server.packs.repository.FolderRepositorySource.discoverPacks(FolderRepositorySource.java:94)
	at knot//net.minecraft.server.packs.repository.FolderRepositorySource.loadPacks(FolderRepositorySource.java:59)
	at knot//net.minecraft.server.packs.repository.PackRepository.discoverAvailable(PackRepository.java:43)
	at knot//net.minecraft.server.packs.repository.PackRepository.reload(PackRepository.java:36)
	at knot//net.minecraft.client.Minecraft.reloadResourcePacks(Minecraft.java:1116)
	at knot//net.minecraft.client.Minecraft.reloadResourcePacks(Minecraft.java:1100)
	at knot//net.minecraft.client.Minecraft.runTick(Minecraft.java:1333)
	at knot//net.minecraft.client.Minecraft.run(Minecraft.java:991)
	at knot//net.minecraft.client.main.Main.main(Main.java:248)
	at net.fabricmc.loader.impl.game.minecraft.MinecraftGameProvider.launch(MinecraftGameProvider.java:517)
	at net.fabricmc.loader.impl.launch.knot.Knot.launch(Knot.java:72)
	at net.fabricmc.loader.impl.launch.knot.KnotClient.main(KnotClient.java:23)
	at org.prismlauncher.launcher.impl.StandardLauncher.launch(StandardLauncher.java:115)
	at org.prismlauncher.EntryPoint.listen(EntryPoint.java:129)
	at org.prismlauncher.EntryPoint.main(EntryPoint.java:70)
[17:52:26] [Render thread/WARN]: Error reading pack metadata, attempting fallback type
com.google.gson.JsonParseException: Pack version declaration mismatch between supported_formats (from 34) and min_format (16.0)
	at knot//com.mojang.serialization.DataResult$Error.getOrThrow(DataResult.java:287)
	at knot//net.minecraft.server.packs.resources.ResourceMetadata$2.getSection(ResourceMetadata.java:40)
	at knot//net.minecraft.server.packs.AbstractPackResources.getMetadataSection(AbstractPackResources.java:26)
	at knot//net.minecraft.server.packs.repository.Pack.readPackMetadata(Pack.java:56)
	at knot//net.minecraft.server.packs.repository.Pack.readMetaAndCreate(Pack.java:41)
	at knot//net.minecraft.server.packs.repository.FolderRepositorySource.lambda$loadPacks$0(FolderRepositorySource.java:63)
	at knot//net.minecraft.server.packs.repository.FolderRepositorySource.discoverPacks(FolderRepositorySource.java:94)
	at knot//net.minecraft.server.packs.repository.FolderRepositorySource.loadPacks(FolderRepositorySource.java:59)
	at knot//net.minecraft.server.packs.repository.PackRepository.discoverAvailable(PackRepository.java:43)
	at knot//net.minecraft.server.packs.repository.PackRepository.reload(PackRepository.java:36)
	at knot//net.minecraft.client.Minecraft.reloadResourcePacks(Minecraft.java:1116)
	at knot//net.minecraft.client.Minecraft.reloadResourcePacks(Minecraft.java:1100)
	at knot//net.minecraft.client.Minecraft.runTick(Minecraft.java:1333)
	at knot//net.minecraft.client.Minecraft.run(Minecraft.java:991)
	at knot//net.minecraft.client.main.Main.main(Main.java:248)
	at net.fabricmc.loader.impl.game.minecraft.MinecraftGameProvider.launch(MinecraftGameProvider.java:517)
	at net.fabricmc.loader.impl.launch.knot.Knot.launch(Knot.java:72)
	at net.fabricmc.loader.impl.launch.knot.KnotClient.main(KnotClient.java:23)
	at org.prismlauncher.launcher.impl.StandardLauncher.launch(StandardLauncher.java:115)
	at org.prismlauncher.EntryPoint.listen(EntryPoint.java:129)
	at org.prismlauncher.EntryPoint.main(EntryPoint.java:70)
[17:52:26] [Render thread/WARN]: Error reading pack metadata, attempting fallback type
com.google.gson.JsonParseException: Pack declares support for version newer than 64, but is missing mandatory fields min_format and max_format
	at knot//com.mojang.serialization.DataResult$Error.getOrThrow(DataResult.java:287)
	at knot//net.minecraft.server.packs.resources.ResourceMetadata$2.getSection(ResourceMetadata.java:40)
	at knot//net.minecraft.server.packs.AbstractPackResources.getMetadataSection(AbstractPackResources.java:26)
	at knot//net.minecraft.server.packs.repository.Pack.readPackMetadata(Pack.java:56)
	at knot//net.minecraft.server.packs.repository.Pack.readMetaAndCreate(Pack.java:41)
	at knot//net.minecraft.server.packs.repository.FolderRepositorySource.lambda$loadPacks$0(FolderRepositorySource.java:63)
	at knot//net.minecraft.server.packs.repository.FolderRepositorySource.discoverPacks(FolderRepositorySource.java:94)
	at knot//net.minecraft.server.packs.repository.FolderRepositorySource.loadPacks(FolderRepositorySource.java:59)
	at knot//net.minecraft.server.packs.repository.PackRepository.discoverAvailable(PackRepository.java:43)
	at knot//net.minecraft.server.packs.repository.PackRepository.reload(PackRepository.java:36)
	at knot//net.minecraft.client.Minecraft.reloadResourcePacks(Minecraft.java:1116)
	at knot//net.minecraft.client.Minecraft.reloadResourcePacks(Minecraft.java:1100)
	at knot//net.minecraft.client.Minecraft.runTick(Minecraft.java:1333)
	at knot//net.minecraft.client.Minecraft.run(Minecraft.java:991)
	at knot//net.minecraft.client.main.Main.main(Main.java:248)
	at net.fabricmc.loader.impl.game.minecraft.MinecraftGameProvider.launch(MinecraftGameProvider.java:517)
	at net.fabricmc.loader.impl.launch.knot.Knot.launch(Knot.java:72)
	at net.fabricmc.loader.impl.launch.knot.KnotClient.main(KnotClient.java:23)
	at org.prismlauncher.launcher.impl.StandardLauncher.launch(StandardLauncher.java:115)
	at org.prismlauncher.EntryPoint.listen(EntryPoint.java:129)
	at org.prismlauncher.EntryPoint.main(EntryPoint.java:70)
[17:52:26] [Render thread/WARN]: Error reading pack metadata, attempting fallback type
com.google.gson.JsonParseException: Pack version declaration mismatch between supported_formats (from 34) and min_format (16.0)
	at knot//com.mojang.serialization.DataResult$Error.getOrThrow(DataResult.java:287)
	at knot//net.minecraft.server.packs.resources.ResourceMetadata$2.getSection(ResourceMetadata.java:40)
	at knot//net.minecraft.server.packs.AbstractPackResources.getMetadataSection(AbstractPackResources.java:26)
	at knot//net.minecraft.server.packs.repository.Pack.readPackMetadata(Pack.java:56)
	at knot//net.minecraft.server.packs.repository.Pack.readMetaAndCreate(Pack.java:41)
	at knot//net.brazier_modding.gdarp.pack_finders.GlobalPackFinder.lambda$loadPacks$0(GlobalPackFinder.java:87)
	at knot//net.brazier_modding.gdarp.pack_finders.GlobalPackFinder.discoverResourcePacks(GlobalPackFinder.java:165)
	at knot//net.brazier_modding.gdarp.pack_finders.GlobalPackFinder.loadPacks(GlobalPackFinder.java:78)
	at knot//net.minecraft.server.packs.repository.PackRepository.discoverAvailable(PackRepository.java:43)
	at knot//net.minecraft.server.packs.repository.PackRepository.reload(PackRepository.java:36)
	at knot//net.minecraft.client.Minecraft.reloadResourcePacks(Minecraft.java:1116)
	at knot//net.minecraft.client.Minecraft.reloadResourcePacks(Minecraft.java:1100)
	at knot//net.minecraft.client.Minecraft.runTick(Minecraft.java:1333)
	at knot//net.minecraft.client.Minecraft.run(Minecraft.java:991)
	at knot//net.minecraft.client.main.Main.main(Main.java:248)
	at net.fabricmc.loader.impl.game.minecraft.MinecraftGameProvider.launch(MinecraftGameProvider.java:517)
	at net.fabricmc.loader.impl.launch.knot.Knot.launch(Knot.java:72)
	at net.fabricmc.loader.impl.launch.knot.KnotClient.main(KnotClient.java:23)
	at org.prismlauncher.launcher.impl.StandardLauncher.launch(StandardLauncher.java:115)
	at org.prismlauncher.EntryPoint.listen(EntryPoint.java:129)
	at org.prismlauncher.EntryPoint.main(EntryPoint.java:70)
[17:52:26] [Render thread/WARN]: Error reading pack metadata, attempting fallback type
com.google.gson.JsonParseException: Pack version declaration mismatch between supported_formats (from 34) and min_format (16.0)
	at knot//com.mojang.serialization.DataResult$Error.getOrThrow(DataResult.java:287)
	at knot//net.minecraft.server.packs.resources.ResourceMetadata$2.getSection(ResourceMetadata.java:40)
	at knot//net.minecraft.server.packs.AbstractPackResources.getMetadataSection(AbstractPackResources.java:26)
	at knot//net.minecraft.server.packs.repository.Pack.readPackMetadata(Pack.java:56)
	at knot//net.minecraft.server.packs.repository.Pack.readMetaAndCreate(Pack.java:41)
	at knot//net.brazier_modding.gdarp.pack_finders.GlobalPackFinder.lambda$loadPacks$0(GlobalPackFinder.java:87)
	at knot//net.brazier_modding.gdarp.pack_finders.GlobalPackFinder.discoverResourcePacks(GlobalPackFinder.java:165)
	at knot//net.brazier_modding.gdarp.pack_finders.GlobalPackFinder.loadPacks(GlobalPackFinder.java:78)
	at knot//net.minecraft.server.packs.repository.PackRepository.discoverAvailable(PackRepository.java:43)
	at knot//net.minecraft.server.packs.repository.PackRepository.reload(PackRepository.java:36)
	at knot//net.minecraft.client.Minecraft.reloadResourcePacks(Minecraft.java:1116)
	at knot//net.minecraft.client.Minecraft.reloadResourcePacks(Minecraft.java:1100)
	at knot//net.minecraft.client.Minecraft.runTick(Minecraft.java:1333)
	at knot//net.minecraft.client.Minecraft.run(Minecraft.java:991)
	at knot//net.minecraft.client.main.Main.main(Main.java:248)
	at net.fabricmc.loader.impl.game.minecraft.MinecraftGameProvider.launch(MinecraftGameProvider.java:517)
	at net.fabricmc.loader.impl.launch.knot.Knot.launch(Knot.java:72)
	at net.fabricmc.loader.impl.launch.knot.KnotClient.main(KnotClient.java:23)
	at org.prismlauncher.launcher.impl.StandardLauncher.launch(StandardLauncher.java:115)
	at org.prismlauncher.EntryPoint.listen(EntryPoint.java:129)
	at org.prismlauncher.EntryPoint.main(EntryPoint.java:70)
[17:52:26] [Render thread/WARN]: Error reading pack metadata, attempting fallback type
com.google.gson.JsonParseException: Pack version declaration mismatch between supported_formats (from 34) and min_format (16.0)
	at knot//com.mojang.serialization.DataResult$Error.getOrThrow(DataResult.java:287)
	at knot//net.minecraft.server.packs.resources.ResourceMetadata$2.getSection(ResourceMetadata.java:40)
	at knot//net.minecraft.server.packs.AbstractPackResources.getMetadataSection(AbstractPackResources.java:26)
	at knot//net.minecraft.server.packs.repository.Pack.readPackMetadata(Pack.java:56)
	at knot//net.minecraft.server.packs.repository.Pack.readMetaAndCreate(Pack.java:41)
	at knot//net.brazier_modding.gdarp.pack_finders.GlobalPackFinder.lambda$loadPacks$0(GlobalPackFinder.java:87)
	at knot//net.brazier_modding.gdarp.pack_finders.GlobalPackFinder.discoverResourcePacks(GlobalPackFinder.java:165)
	at knot//net.brazier_modding.gdarp.pack_finders.GlobalPackFinder.loadPacks(GlobalPackFinder.java:78)
	at knot//net.minecraft.server.packs.repository.PackRepository.discoverAvailable(PackRepository.java:43)
	at knot//net.minecraft.server.packs.repository.PackRepository.reload(PackRepository.java:36)
	at knot//net.minecraft.client.Minecraft.reloadResourcePacks(Minecraft.java:1116)
	at knot//net.minecraft.client.Minecraft.reloadResourcePacks(Minecraft.java:1100)
	at knot//net.minecraft.client.Minecraft.runTick(Minecraft.java:1333)
	at knot//net.minecraft.client.Minecraft.run(Minecraft.java:991)
	at knot//net.minecraft.client.main.Main.main(Main.java:248)
	at net.fabricmc.loader.impl.game.minecraft.MinecraftGameProvider.launch(MinecraftGameProvider.java:517)
	at net.fabricmc.loader.impl.launch.knot.Knot.launch(Knot.java:72)
	at net.fabricmc.loader.impl.launch.knot.KnotClient.main(KnotClient.java:23)
	at org.prismlauncher.launcher.impl.StandardLauncher.launch(StandardLauncher.java:115)
	at org.prismlauncher.EntryPoint.listen(EntryPoint.java:129)
	at org.prismlauncher.EntryPoint.main(EntryPoint.java:70)
[17:52:26] [Render thread/WARN]: Error reading pack metadata, attempting fallback type
com.google.gson.JsonParseException: Pack version declaration mismatch between supported_formats (from 34) and min_format (16.0)
	at knot//com.mojang.serialization.DataResult$Error.getOrThrow(DataResult.java:287)
	at knot//net.minecraft.server.packs.resources.ResourceMetadata$2.getSection(ResourceMetadata.java:40)
	at knot//net.minecraft.server.packs.AbstractPackResources.getMetadataSection(AbstractPackResources.java:26)
	at knot//net.minecraft.server.packs.repository.Pack.readPackMetadata(Pack.java:56)
	at knot//net.minecraft.server.packs.repository.Pack.readMetaAndCreate(Pack.java:41)
	at knot//net.brazier_modding.gdarp.pack_finders.GlobalPackFinder.lambda$loadPacks$0(GlobalPackFinder.java:87)
	at knot//net.brazier_modding.gdarp.pack_finders.GlobalPackFinder.discoverResourcePacks(GlobalPackFinder.java:165)
	at knot//net.brazier_modding.gdarp.pack_finders.GlobalPackFinder.loadPacks(GlobalPackFinder.java:78)
	at knot//net.minecraft.server.packs.repository.PackRepository.discoverAvailable(PackRepository.java:43)
	at knot//net.minecraft.server.packs.repository.PackRepository.reload(PackRepository.java:36)
	at knot//net.minecraft.client.Minecraft.reloadResourcePacks(Minecraft.java:1116)
	at knot//net.minecraft.client.Minecraft.reloadResourcePacks(Minecraft.java:1100)
	at knot//net.minecraft.client.Minecraft.runTick(Minecraft.java:1333)
	at knot//net.minecraft.client.Minecraft.run(Minecraft.java:991)
	at knot//net.minecraft.client.main.Main.main(Main.java:248)
	at net.fabricmc.loader.impl.game.minecraft.MinecraftGameProvider.launch(MinecraftGameProvider.java:517)
	at net.fabricmc.loader.impl.launch.knot.Knot.launch(Knot.java:72)
	at net.fabricmc.loader.impl.launch.knot.KnotClient.main(KnotClient.java:23)
	at org.prismlauncher.launcher.impl.StandardLauncher.launch(StandardLauncher.java:115)
	at org.prismlauncher.EntryPoint.listen(EntryPoint.java:129)
	at org.prismlauncher.EntryPoint.main(EntryPoint.java:70)
[17:52:26] [Render thread/WARN]: Error reading pack metadata, attempting fallback type
com.google.gson.JsonParseException: Pack version declaration mismatch between supported_formats (from 34) and min_format (16.0)
	at knot//com.mojang.serialization.DataResult$Error.getOrThrow(DataResult.java:287)
	at knot//net.minecraft.server.packs.resources.ResourceMetadata$2.getSection(ResourceMetadata.java:40)
	at knot//net.minecraft.server.packs.AbstractPackResources.getMetadataSection(AbstractPackResources.java:26)
	at knot//net.minecraft.server.packs.repository.Pack.readPackMetadata(Pack.java:56)
	at knot//net.minecraft.server.packs.repository.Pack.readMetaAndCreate(Pack.java:41)
	at knot//net.brazier_modding.gdarp.pack_finders.GlobalPackFinder.lambda$loadPacks$0(GlobalPackFinder.java:87)
	at knot//net.brazier_modding.gdarp.pack_finders.GlobalPackFinder.discoverResourcePacks(GlobalPackFinder.java:165)
	at knot//net.brazier_modding.gdarp.pack_finders.GlobalPackFinder.loadPacks(GlobalPackFinder.java:78)
	at knot//net.minecraft.server.packs.repository.PackRepository.discoverAvailable(PackRepository.java:43)
	at knot//net.minecraft.server.packs.repository.PackRepository.reload(PackRepository.java:36)
	at knot//net.minecraft.client.Minecraft.reloadResourcePacks(Minecraft.java:1116)
	at knot//net.minecraft.client.Minecraft.reloadResourcePacks(Minecraft.java:1100)
	at knot//net.minecraft.client.Minecraft.runTick(Minecraft.java:1333)
	at knot//net.minecraft.client.Minecraft.run(Minecraft.java:991)
	at knot//net.minecraft.client.main.Main.main(Main.java:248)
	at net.fabricmc.loader.impl.game.minecraft.MinecraftGameProvider.launch(MinecraftGameProvider.java:517)
	at net.fabricmc.loader.impl.launch.knot.Knot.launch(Knot.java:72)
	at net.fabricmc.loader.impl.launch.knot.KnotClient.main(KnotClient.java:23)
	at org.prismlauncher.launcher.impl.StandardLauncher.launch(StandardLauncher.java:115)
	at org.prismlauncher.EntryPoint.listen(EntryPoint.java:129)
	at org.prismlauncher.EntryPoint.main(EntryPoint.java:70)
[17:52:26] [Render thread/WARN]: Error reading pack metadata, attempting fallback type
com.google.gson.JsonParseException: Pack version declaration mismatch between supported_formats (from 34) and min_format (16.0)
	at knot//com.mojang.serialization.DataResult$Error.getOrThrow(DataResult.java:287)
	at knot//net.minecraft.server.packs.resources.ResourceMetadata$2.getSection(ResourceMetadata.java:40)
	at knot//net.minecraft.server.packs.AbstractPackResources.getMetadataSection(AbstractPackResources.java:26)
	at knot//net.minecraft.server.packs.repository.Pack.readPackMetadata(Pack.java:56)
	at knot//net.minecraft.server.packs.repository.Pack.readMetaAndCreate(Pack.java:41)
	at knot//net.brazier_modding.gdarp.pack_finders.GlobalPackFinder.lambda$loadPacks$0(GlobalPackFinder.java:87)
	at knot//net.brazier_modding.gdarp.pack_finders.GlobalPackFinder.discoverResourcePacks(GlobalPackFinder.java:165)
	at knot//net.brazier_modding.gdarp.pack_finders.GlobalPackFinder.loadPacks(GlobalPackFinder.java:78)
	at knot//net.minecraft.server.packs.repository.PackRepository.handler$dhc000$globalpacks$globalpackls_discoverAvailable(PackRepository.java:1543)
	at knot//net.minecraft.server.packs.repository.PackRepository.discoverAvailable(PackRepository.java:45)
	at knot//net.minecraft.server.packs.repository.PackRepository.reload(PackRepository.java:36)
	at knot//net.minecraft.client.Minecraft.reloadResourcePacks(Minecraft.java:1116)
	at knot//net.minecraft.client.Minecraft.reloadResourcePacks(Minecraft.java:1100)
	at knot//net.minecraft.client.Minecraft.runTick(Minecraft.java:1333)
	at knot//net.minecraft.client.Minecraft.run(Minecraft.java:991)
	at knot//net.minecraft.client.main.Main.main(Main.java:248)
	at net.fabricmc.loader.impl.game.minecraft.MinecraftGameProvider.launch(MinecraftGameProvider.java:517)
	at net.fabricmc.loader.impl.launch.knot.Knot.launch(Knot.java:72)
	at net.fabricmc.loader.impl.launch.knot.KnotClient.main(KnotClient.java:23)
	at org.prismlauncher.launcher.impl.StandardLauncher.launch(StandardLauncher.java:115)
	at org.prismlauncher.EntryPoint.listen(EntryPoint.java:129)
	at org.prismlauncher.EntryPoint.main(EntryPoint.java:70)
[17:52:26] [Render thread/WARN]: Error reading pack metadata, attempting fallback type
com.google.gson.JsonParseException: Pack version declaration mismatch between supported_formats (from 34) and min_format (16.0)
	at knot//com.mojang.serialization.DataResult$Error.getOrThrow(DataResult.java:287)
	at knot//net.minecraft.server.packs.resources.ResourceMetadata$2.getSection(ResourceMetadata.java:40)
	at knot//net.minecraft.server.packs.AbstractPackResources.getMetadataSection(AbstractPackResources.java:26)
	at knot//net.minecraft.server.packs.repository.Pack.readPackMetadata(Pack.java:56)
	at knot//net.minecraft.server.packs.repository.Pack.readMetaAndCreate(Pack.java:41)
	at knot//net.brazier_modding.gdarp.pack_finders.GlobalPackFinder.lambda$loadPacks$0(GlobalPackFinder.java:87)
	at knot//net.brazier_modding.gdarp.pack_finders.GlobalPackFinder.discoverResourcePacks(GlobalPackFinder.java:165)
	at knot//net.brazier_modding.gdarp.pack_finders.GlobalPackFinder.loadPacks(GlobalPackFinder.java:78)
	at knot//net.minecraft.server.packs.repository.PackRepository.handler$dhc000$globalpacks$globalpackls_discoverAvailable(PackRepository.java:1543)
	at knot//net.minecraft.server.packs.repository.PackRepository.discoverAvailable(PackRepository.java:45)
	at knot//net.minecraft.server.packs.repository.PackRepository.reload(PackRepository.java:36)
	at knot//net.minecraft.client.Minecraft.reloadResourcePacks(Minecraft.java:1116)
	at knot//net.minecraft.client.Minecraft.reloadResourcePacks(Minecraft.java:1100)
	at knot//net.minecraft.client.Minecraft.runTick(Minecraft.java:1333)
	at knot//net.minecraft.client.Minecraft.run(Minecraft.java:991)
	at knot//net.minecraft.client.main.Main.main(Main.java:248)
	at net.fabricmc.loader.impl.game.minecraft.MinecraftGameProvider.launch(MinecraftGameProvider.java:517)
	at net.fabricmc.loader.impl.launch.knot.Knot.launch(Knot.java:72)
	at net.fabricmc.loader.impl.launch.knot.KnotClient.main(KnotClient.java:23)
	at org.prismlauncher.launcher.impl.StandardLauncher.launch(StandardLauncher.java:115)
	at org.prismlauncher.EntryPoint.listen(EntryPoint.java:129)
	at org.prismlauncher.EntryPoint.main(EntryPoint.java:70)
[17:52:26] [Render thread/WARN]: Error reading pack metadata, attempting fallback type
com.google.gson.JsonParseException: Pack version declaration mismatch between supported_formats (from 34) and min_format (16.0)
	at knot//com.mojang.serialization.DataResult$Error.getOrThrow(DataResult.java:287)
	at knot//net.minecraft.server.packs.resources.ResourceMetadata$2.getSection(ResourceMetadata.java:40)
	at knot//net.minecraft.server.packs.AbstractPackResources.getMetadataSection(AbstractPackResources.java:26)
	at knot//net.minecraft.server.packs.repository.Pack.readPackMetadata(Pack.java:56)
	at knot//net.minecraft.server.packs.repository.Pack.readMetaAndCreate(Pack.java:41)
	at knot//net.brazier_modding.gdarp.pack_finders.GlobalPackFinder.lambda$loadPacks$0(GlobalPackFinder.java:87)
	at knot//net.brazier_modding.gdarp.pack_finders.GlobalPackFinder.discoverResourcePacks(GlobalPackFinder.java:165)
	at knot//net.brazier_modding.gdarp.pack_finders.GlobalPackFinder.loadPacks(GlobalPackFinder.java:78)
	at knot//net.minecraft.server.packs.repository.PackRepository.handler$dhc000$globalpacks$globalpackls_discoverAvailable(PackRepository.java:1543)
	at knot//net.minecraft.server.packs.repository.PackRepository.discoverAvailable(PackRepository.java:45)
	at knot//net.minecraft.server.packs.repository.PackRepository.reload(PackRepository.java:36)
	at knot//net.minecraft.client.Minecraft.reloadResourcePacks(Minecraft.java:1116)
	at knot//net.minecraft.client.Minecraft.reloadResourcePacks(Minecraft.java:1100)
	at knot//net.minecraft.client.Minecraft.runTick(Minecraft.java:1333)
	at knot//net.minecraft.client.Minecraft.run(Minecraft.java:991)
	at knot//net.minecraft.client.main.Main.main(Main.java:248)
	at net.fabricmc.loader.impl.game.minecraft.MinecraftGameProvider.launch(MinecraftGameProvider.java:517)
	at net.fabricmc.loader.impl.launch.knot.Knot.launch(Knot.java:72)
	at net.fabricmc.loader.impl.launch.knot.KnotClient.main(KnotClient.java:23)
	at org.prismlauncher.launcher.impl.StandardLauncher.launch(StandardLauncher.java:115)
	at org.prismlauncher.EntryPoint.listen(EntryPoint.java:129)
	at org.prismlauncher.EntryPoint.main(EntryPoint.java:70)
[17:52:26] [Render thread/WARN]: Error reading pack metadata, attempting fallback type
com.google.gson.JsonParseException: Pack version declaration mismatch between supported_formats (from 34) and min_format (16.0)
	at knot//com.mojang.serialization.DataResult$Error.getOrThrow(DataResult.java:287)
	at knot//net.minecraft.server.packs.resources.ResourceMetadata$2.getSection(ResourceMetadata.java:40)
	at knot//net.minecraft.server.packs.AbstractPackResources.getMetadataSection(AbstractPackResources.java:26)
	at knot//net.minecraft.server.packs.repository.Pack.readPackMetadata(Pack.java:56)
	at knot//net.minecraft.server.packs.repository.Pack.readMetaAndCreate(Pack.java:41)
	at knot//net.brazier_modding.gdarp.pack_finders.GlobalPackFinder.lambda$loadPacks$0(GlobalPackFinder.java:87)
	at knot//net.brazier_modding.gdarp.pack_finders.GlobalPackFinder.discoverResourcePacks(GlobalPackFinder.java:165)
	at knot//net.brazier_modding.gdarp.pack_finders.GlobalPackFinder.loadPacks(GlobalPackFinder.java:78)
	at knot//net.minecraft.server.packs.repository.PackRepository.handler$dhc000$globalpacks$globalpackls_discoverAvailable(PackRepository.java:1543)
	at knot//net.minecraft.server.packs.repository.PackRepository.discoverAvailable(PackRepository.java:45)
	at knot//net.minecraft.server.packs.repository.PackRepository.reload(PackRepository.java:36)
	at knot//net.minecraft.client.Minecraft.reloadResourcePacks(Minecraft.java:1116)
	at knot//net.minecraft.client.Minecraft.reloadResourcePacks(Minecraft.java:1100)
	at knot//net.minecraft.client.Minecraft.runTick(Minecraft.java:1333)
	at knot//net.minecraft.client.Minecraft.run(Minecraft.java:991)
	at knot//net.minecraft.client.main.Main.main(Main.java:248)
	at net.fabricmc.loader.impl.game.minecraft.MinecraftGameProvider.launch(MinecraftGameProvider.java:517)
	at net.fabricmc.loader.impl.launch.knot.Knot.launch(Knot.java:72)
	at net.fabricmc.loader.impl.launch.knot.KnotClient.main(KnotClient.java:23)
	at org.prismlauncher.launcher.impl.StandardLauncher.launch(StandardLauncher.java:115)
	at org.prismlauncher.EntryPoint.listen(EntryPoint.java:129)
	at org.prismlauncher.EntryPoint.main(EntryPoint.java:70)
[17:52:26] [Render thread/WARN]: Error reading pack metadata, attempting fallback type
com.google.gson.JsonParseException: Pack version declaration mismatch between supported_formats (from 34) and min_format (16.0)
	at knot//com.mojang.serialization.DataResult$Error.getOrThrow(DataResult.java:287)
	at knot//net.minecraft.server.packs.resources.ResourceMetadata$2.getSection(ResourceMetadata.java:40)
	at knot//net.minecraft.server.packs.AbstractPackResources.getMetadataSection(AbstractPackResources.java:26)
	at knot//net.minecraft.server.packs.repository.Pack.readPackMetadata(Pack.java:56)
	at knot//net.minecraft.server.packs.repository.Pack.readMetaAndCreate(Pack.java:41)
	at knot//net.brazier_modding.gdarp.pack_finders.GlobalPackFinder.lambda$loadPacks$0(GlobalPackFinder.java:87)
	at knot//net.brazier_modding.gdarp.pack_finders.GlobalPackFinder.discoverResourcePacks(GlobalPackFinder.java:165)
	at knot//net.brazier_modding.gdarp.pack_finders.GlobalPackFinder.loadPacks(GlobalPackFinder.java:78)
	at knot//net.minecraft.server.packs.repository.PackRepository.handler$dhc000$globalpacks$globalpackls_discoverAvailable(PackRepository.java:1543)
	at knot//net.minecraft.server.packs.repository.PackRepository.discoverAvailable(PackRepository.java:45)
	at knot//net.minecraft.server.packs.repository.PackRepository.reload(PackRepository.java:36)
	at knot//net.minecraft.client.Minecraft.reloadResourcePacks(Minecraft.java:1116)
	at knot//net.minecraft.client.Minecraft.reloadResourcePacks(Minecraft.java:1100)
	at knot//net.minecraft.client.Minecraft.runTick(Minecraft.java:1333)
	at knot//net.minecraft.client.Minecraft.run(Minecraft.java:991)
	at knot//net.minecraft.client.main.Main.main(Main.java:248)
	at net.fabricmc.loader.impl.game.minecraft.MinecraftGameProvider.launch(MinecraftGameProvider.java:517)
	at net.fabricmc.loader.impl.launch.knot.Knot.launch(Knot.java:72)
	at net.fabricmc.loader.impl.launch.knot.KnotClient.main(KnotClient.java:23)
	at org.prismlauncher.launcher.impl.StandardLauncher.launch(StandardLauncher.java:115)
	at org.prismlauncher.EntryPoint.listen(EntryPoint.java:129)
	at org.prismlauncher.EntryPoint.main(EntryPoint.java:70)
[17:52:26] [Render thread/WARN]: Error reading pack metadata, attempting fallback type
com.google.gson.JsonParseException: Pack declares support for version newer than 64, but is missing mandatory fields min_format and max_format
	at knot//com.mojang.serialization.DataResult$Error.getOrThrow(DataResult.java:287)
	at knot//net.minecraft.server.packs.resources.ResourceMetadata$2.getSection(ResourceMetadata.java:40)
	at knot//net.minecraft.server.packs.AbstractPackResources.getMetadataSection(AbstractPackResources.java:26)
	at knot//net.minecraft.server.packs.repository.Pack.readPackMetadata(Pack.java:56)
	at knot//net.minecraft.server.packs.repository.Pack.readMetaAndCreate(Pack.java:41)
	at knot//net.minecraft.server.packs.repository.FolderRepositorySource.lambda$loadPacks$0(FolderRepositorySource.java:63)
	at knot//net.minecraft.server.packs.repository.FolderRepositorySource.discoverPacks(FolderRepositorySource.java:94)
	at knot//net.minecraft.server.packs.repository.FolderRepositorySource.loadPacks(FolderRepositorySource.java:59)
	at knot//net.minecraft.server.packs.repository.PackRepository.handler$dhc000$globalpacks$globalpackls_discoverAvailable(PackRepository.java:1559)
	at knot//net.minecraft.server.packs.repository.PackRepository.discoverAvailable(PackRepository.java:45)
	at knot//net.minecraft.server.packs.repository.PackRepository.reload(PackRepository.java:36)
	at knot//net.minecraft.client.Minecraft.reloadResourcePacks(Minecraft.java:1116)
	at knot//net.minecraft.client.Minecraft.reloadResourcePacks(Minecraft.java:1100)
	at knot//net.minecraft.client.Minecraft.runTick(Minecraft.java:1333)
	at knot//net.minecraft.client.Minecraft.run(Minecraft.java:991)
	at knot//net.minecraft.client.main.Main.main(Main.java:248)
	at net.fabricmc.loader.impl.game.minecraft.MinecraftGameProvider.launch(MinecraftGameProvider.java:517)
	at net.fabricmc.loader.impl.launch.knot.Knot.launch(Knot.java:72)
	at net.fabricmc.loader.impl.launch.knot.KnotClient.main(KnotClient.java:23)
	at org.prismlauncher.launcher.impl.StandardLauncher.launch(StandardLauncher.java:115)
	at org.prismlauncher.EntryPoint.listen(EntryPoint.java:129)
	at org.prismlauncher.EntryPoint.main(EntryPoint.java:70)
[17:52:26] [Render thread/WARN]: Error reading pack metadata, attempting fallback type
com.google.gson.JsonParseException: Pack version declaration mismatch between supported_formats (from 34) and min_format (16.0)
	at knot//com.mojang.serialization.DataResult$Error.getOrThrow(DataResult.java:287)
	at knot//net.minecraft.server.packs.resources.ResourceMetadata$2.getSection(ResourceMetadata.java:40)
	at knot//net.minecraft.server.packs.AbstractPackResources.getMetadataSection(AbstractPackResources.java:26)
	at knot//net.minecraft.server.packs.repository.Pack.readPackMetadata(Pack.java:56)
	at knot//net.minecraft.server.packs.repository.Pack.readMetaAndCreate(Pack.java:41)
	at knot//net.minecraft.server.packs.repository.FolderRepositorySource.lambda$loadPacks$0(FolderRepositorySource.java:63)
	at knot//net.minecraft.server.packs.repository.FolderRepositorySource.discoverPacks(FolderRepositorySource.java:94)
	at knot//net.minecraft.server.packs.repository.FolderRepositorySource.loadPacks(FolderRepositorySource.java:59)
	at knot//net.minecraft.server.packs.repository.PackRepository.handler$dhc000$globalpacks$globalpackls_discoverAvailable(PackRepository.java:1559)
	at knot//net.minecraft.server.packs.repository.PackRepository.discoverAvailable(PackRepository.java:45)
	at knot//net.minecraft.server.packs.repository.PackRepository.reload(PackRepository.java:36)
	at knot//net.minecraft.client.Minecraft.reloadResourcePacks(Minecraft.java:1116)
	at knot//net.minecraft.client.Minecraft.reloadResourcePacks(Minecraft.java:1100)
	at knot//net.minecraft.client.Minecraft.runTick(Minecraft.java:1333)
	at knot//net.minecraft.client.Minecraft.run(Minecraft.java:991)
	at knot//net.minecraft.client.main.Main.main(Main.java:248)
	at net.fabricmc.loader.impl.game.minecraft.MinecraftGameProvider.launch(MinecraftGameProvider.java:517)
	at net.fabricmc.loader.impl.launch.knot.Knot.launch(Knot.java:72)
	at net.fabricmc.loader.impl.launch.knot.KnotClient.main(KnotClient.java:23)
	at org.prismlauncher.launcher.impl.StandardLauncher.launch(StandardLauncher.java:115)
	at org.prismlauncher.EntryPoint.listen(EntryPoint.java:129)
	at org.prismlauncher.EntryPoint.main(EntryPoint.java:70)
[17:52:26] [Render thread/WARN]: Error reading pack metadata, attempting fallback type
com.google.gson.JsonParseException: Pack version declaration mismatch between supported_formats (from 34) and min_format (16.0)
	at knot//com.mojang.serialization.DataResult$Error.getOrThrow(DataResult.java:287)
	at knot//net.minecraft.server.packs.resources.ResourceMetadata$2.getSection(ResourceMetadata.java:40)
	at knot//net.minecraft.server.packs.AbstractPackResources.getMetadataSection(AbstractPackResources.java:26)
	at knot//net.minecraft.server.packs.repository.Pack.readPackMetadata(Pack.java:56)
	at knot//net.minecraft.server.packs.repository.Pack.readMetaAndCreate(Pack.java:41)
	at knot//net.minecraft.server.packs.repository.FolderRepositorySource.lambda$loadPacks$0(FolderRepositorySource.java:63)
	at knot//net.minecraft.server.packs.repository.FolderRepositorySource.discoverPacks(FolderRepositorySource.java:94)
	at knot//net.minecraft.server.packs.repository.FolderRepositorySource.loadPacks(FolderRepositorySource.java:59)
	at knot//net.minecraft.server.packs.repository.PackRepository.handler$dhc000$globalpacks$globalpackls_discoverAvailable(PackRepository.java:1559)
	at knot//net.minecraft.server.packs.repository.PackRepository.discoverAvailable(PackRepository.java:45)
	at knot//net.minecraft.server.packs.repository.PackRepository.reload(PackRepository.java:36)
	at knot//net.minecraft.client.Minecraft.reloadResourcePacks(Minecraft.java:1116)
	at knot//net.minecraft.client.Minecraft.reloadResourcePacks(Minecraft.java:1100)
	at knot//net.minecraft.client.Minecraft.runTick(Minecraft.java:1333)
	at knot//net.minecraft.client.Minecraft.run(Minecraft.java:991)
	at knot//net.minecraft.client.main.Main.main(Main.java:248)
	at net.fabricmc.loader.impl.game.minecraft.MinecraftGameProvider.launch(MinecraftGameProvider.java:517)
	at net.fabricmc.loader.impl.launch.knot.Knot.launch(Knot.java:72)
	at net.fabricmc.loader.impl.launch.knot.KnotClient.main(KnotClient.java:23)
	at org.prismlauncher.launcher.impl.StandardLauncher.launch(StandardLauncher.java:115)
	at org.prismlauncher.EntryPoint.listen(EntryPoint.java:129)
	at org.prismlauncher.EntryPoint.main(EntryPoint.java:70)
[17:52:26] [Render thread/WARN]: Error reading pack metadata, attempting fallback type
com.google.gson.JsonParseException: Pack declares support for version newer than 64, but is missing mandatory fields min_format and max_format
	at knot//com.mojang.serialization.DataResult$Error.getOrThrow(DataResult.java:287)
	at knot//net.minecraft.server.packs.resources.ResourceMetadata$2.getSection(ResourceMetadata.java:40)
	at knot//net.minecraft.server.packs.AbstractPackResources.getMetadataSection(AbstractPackResources.java:26)
	at knot//net.minecraft.server.packs.repository.Pack.readPackMetadata(Pack.java:56)
	at knot//net.minecraft.server.packs.repository.Pack.readMetaAndCreate(Pack.java:41)
	at knot//net.minecraft.server.packs.repository.FolderRepositorySource.lambda$loadPacks$0(FolderRepositorySource.java:63)
	at knot//net.minecraft.server.packs.repository.FolderRepositorySource.discoverPacks(FolderRepositorySource.java:94)
	at knot//net.minecraft.server.packs.repository.FolderRepositorySource.loadPacks(FolderRepositorySource.java:59)
	at knot//net.minecraft.server.packs.repository.PackRepository.handler$dhc000$globalpacks$globalpackls_discoverAvailable(PackRepository.java:1559)
	at knot//net.minecraft.server.packs.repository.PackRepository.discoverAvailable(PackRepository.java:45)
	at knot//net.minecraft.server.packs.repository.PackRepository.reload(PackRepository.java:36)
	at knot//net.minecraft.client.Minecraft.reloadResourcePacks(Minecraft.java:1116)
	at knot//net.minecraft.client.Minecraft.reloadResourcePacks(Minecraft.java:1100)
	at knot//net.minecraft.client.Minecraft.runTick(Minecraft.java:1333)
	at knot//net.minecraft.client.Minecraft.run(Minecraft.java:991)
	at knot//net.minecraft.client.main.Main.main(Main.java:248)
	at net.fabricmc.loader.impl.game.minecraft.MinecraftGameProvider.launch(MinecraftGameProvider.java:517)
	at net.fabricmc.loader.impl.launch.knot.Knot.launch(Knot.java:72)
	at net.fabricmc.loader.impl.launch.knot.KnotClient.main(KnotClient.java:23)
	at org.prismlauncher.launcher.impl.StandardLauncher.launch(StandardLauncher.java:115)
	at org.prismlauncher.EntryPoint.listen(EntryPoint.java:129)
	at org.prismlauncher.EntryPoint.main(EntryPoint.java:70)
[17:52:26] [Render thread/WARN]: Error reading pack metadata, attempting fallback type
com.google.gson.JsonParseException: Pack declares support for version newer than 64, but is missing mandatory fields min_format and max_format
	at knot//com.mojang.serialization.DataResult$Error.getOrThrow(DataResult.java:287)
	at knot//net.minecraft.server.packs.resources.ResourceMetadata$2.getSection(ResourceMetadata.java:40)
	at knot//net.minecraft.server.packs.AbstractPackResources.getMetadataSection(AbstractPackResources.java:26)
	at knot//net.minecraft.server.packs.repository.Pack.readPackMetadata(Pack.java:56)
	at knot//net.minecraft.server.packs.repository.Pack.readMetaAndCreate(Pack.java:41)
	at knot//net.minecraft.server.packs.repository.FolderRepositorySource.lambda$loadPacks$0(FolderRepositorySource.java:63)
	at knot//net.minecraft.server.packs.repository.FolderRepositorySource.discoverPacks(FolderRepositorySource.java:94)
	at knot//net.minecraft.server.packs.repository.FolderRepositorySource.loadPacks(FolderRepositorySource.java:59)
	at knot//net.minecraft.server.packs.repository.PackRepository.handler$dhc000$globalpacks$globalpackls_discoverAvailable(PackRepository.java:1559)
	at knot//net.minecraft.server.packs.repository.PackRepository.discoverAvailable(PackRepository.java:45)
	at knot//net.minecraft.server.packs.repository.PackRepository.reload(PackRepository.java:36)
	at knot//net.minecraft.client.Minecraft.reloadResourcePacks(Minecraft.java:1116)
	at knot//net.minecraft.client.Minecraft.reloadResourcePacks(Minecraft.java:1100)
	at knot//net.minecraft.client.Minecraft.runTick(Minecraft.java:1333)
	at knot//net.minecraft.client.Minecraft.run(Minecraft.java:991)
	at knot//net.minecraft.client.main.Main.main(Main.java:248)
	at net.fabricmc.loader.impl.game.minecraft.MinecraftGameProvider.launch(MinecraftGameProvider.java:517)
	at net.fabricmc.loader.impl.launch.knot.Knot.launch(Knot.java:72)
	at net.fabricmc.loader.impl.launch.knot.KnotClient.main(KnotClient.java:23)
	at org.prismlauncher.launcher.impl.StandardLauncher.launch(StandardLauncher.java:115)
	at org.prismlauncher.EntryPoint.listen(EntryPoint.java:129)
	at org.prismlauncher.EntryPoint.main(EntryPoint.java:70)
[17:52:26] [Render thread/WARN]: Error reading pack metadata, attempting fallback type
com.google.gson.JsonParseException: Pack version declaration mismatch between supported_formats (from 34) and min_format (16.0)
	at knot//com.mojang.serialization.DataResult$Error.getOrThrow(DataResult.java:287)
	at knot//net.minecraft.server.packs.resources.ResourceMetadata$2.getSection(ResourceMetadata.java:40)
	at knot//net.minecraft.server.packs.AbstractPackResources.getMetadataSection(AbstractPackResources.java:26)
	at knot//net.minecraft.server.packs.repository.Pack.readPackMetadata(Pack.java:56)
	at knot//net.minecraft.server.packs.repository.Pack.readMetaAndCreate(Pack.java:41)
	at knot//net.minecraft.server.packs.repository.FolderRepositorySource.lambda$loadPacks$0(FolderRepositorySource.java:63)
	at knot//net.minecraft.server.packs.repository.FolderRepositorySource.discoverPacks(FolderRepositorySource.java:94)
	at knot//net.minecraft.server.packs.repository.FolderRepositorySource.loadPacks(FolderRepositorySource.java:59)
	at knot//net.minecraft.server.packs.repository.PackRepository.handler$dhc000$globalpacks$globalpackls_discoverAvailable(PackRepository.java:1559)
	at knot//net.minecraft.server.packs.repository.PackRepository.discoverAvailable(PackRepository.java:45)
	at knot//net.minecraft.server.packs.repository.PackRepository.reload(PackRepository.java:36)
	at knot//net.minecraft.client.Minecraft.reloadResourcePacks(Minecraft.java:1116)
	at knot//net.minecraft.client.Minecraft.reloadResourcePacks(Minecraft.java:1100)
	at knot//net.minecraft.client.Minecraft.runTick(Minecraft.java:1333)
	at knot//net.minecraft.client.Minecraft.run(Minecraft.java:991)
	at knot//net.minecraft.client.main.Main.main(Main.java:248)
	at net.fabricmc.loader.impl.game.minecraft.MinecraftGameProvider.launch(MinecraftGameProvider.java:517)
	at net.fabricmc.loader.impl.launch.knot.Knot.launch(Knot.java:72)
	at net.fabricmc.loader.impl.launch.knot.KnotClient.main(KnotClient.java:23)
	at org.prismlauncher.launcher.impl.StandardLauncher.launch(StandardLauncher.java:115)
	at org.prismlauncher.EntryPoint.listen(EntryPoint.java:129)
	at org.prismlauncher.EntryPoint.main(EntryPoint.java:70)
[17:52:26] [Render thread/WARN]: Error reading pack metadata, attempting fallback type
com.google.gson.JsonParseException: Pack version declaration mismatch between supported_formats (from 34) and min_format (16.0)
	at knot//com.mojang.serialization.DataResult$Error.getOrThrow(DataResult.java:287)
	at knot//net.minecraft.server.packs.resources.ResourceMetadata$2.getSection(ResourceMetadata.java:40)
	at knot//net.minecraft.server.packs.AbstractPackResources.getMetadataSection(AbstractPackResources.java:26)
	at knot//net.minecraft.server.packs.repository.Pack.readPackMetadata(Pack.java:56)
	at knot//net.minecraft.server.packs.repository.Pack.readMetaAndCreate(Pack.java:41)
	at knot//net.minecraft.server.packs.repository.FolderRepositorySource.lambda$loadPacks$0(FolderRepositorySource.java:63)
	at knot//net.minecraft.server.packs.repository.FolderRepositorySource.discoverPacks(FolderRepositorySource.java:94)
	at knot//net.minecraft.server.packs.repository.FolderRepositorySource.loadPacks(FolderRepositorySource.java:59)
	at knot//net.minecraft.server.packs.repository.PackRepository.handler$dhc000$globalpacks$globalpackls_discoverAvailable(PackRepository.java:1559)
	at knot//net.minecraft.server.packs.repository.PackRepository.discoverAvailable(PackRepository.java:45)
	at knot//net.minecraft.server.packs.repository.PackRepository.reload(PackRepository.java:36)
	at knot//net.minecraft.client.Minecraft.reloadResourcePacks(Minecraft.java:1116)
	at knot//net.minecraft.client.Minecraft.reloadResourcePacks(Minecraft.java:1100)
	at knot//net.minecraft.client.Minecraft.runTick(Minecraft.java:1333)
	at knot//net.minecraft.client.Minecraft.run(Minecraft.java:991)
	at knot//net.minecraft.client.main.Main.main(Main.java:248)
	at net.fabricmc.loader.impl.game.minecraft.MinecraftGameProvider.launch(MinecraftGameProvider.java:517)
	at net.fabricmc.loader.impl.launch.knot.Knot.launch(Knot.java:72)
	at net.fabricmc.loader.impl.launch.knot.KnotClient.main(KnotClient.java:23)
	at org.prismlauncher.launcher.impl.StandardLauncher.launch(StandardLauncher.java:115)
	at org.prismlauncher.EntryPoint.listen(EntryPoint.java:129)
	at org.prismlauncher.EntryPoint.main(EntryPoint.java:70)
[17:52:26] [Render thread/WARN]: Error reading pack metadata, attempting fallback type
com.google.gson.JsonParseException: Pack declares support for version newer than 64, but is missing mandatory fields min_format and max_format
	at knot//com.mojang.serialization.DataResult$Error.getOrThrow(DataResult.java:287)
	at knot//net.minecraft.server.packs.resources.ResourceMetadata$2.getSection(ResourceMetadata.java:40)
	at knot//net.minecraft.server.packs.AbstractPackResources.getMetadataSection(AbstractPackResources.java:26)
	at knot//net.minecraft.server.packs.repository.Pack.readPackMetadata(Pack.java:56)
	at knot//net.minecraft.server.packs.repository.Pack.readMetaAndCreate(Pack.java:41)
	at knot//net.minecraft.server.packs.repository.FolderRepositorySource.lambda$loadPacks$0(FolderRepositorySource.java:63)
	at knot//net.minecraft.server.packs.repository.FolderRepositorySource.discoverPacks(FolderRepositorySource.java:94)
	at knot//net.minecraft.server.packs.repository.FolderRepositorySource.loadPacks(FolderRepositorySource.java:59)
	at knot//net.minecraft.server.packs.repository.PackRepository.handler$dhc000$globalpacks$globalpackls_discoverAvailable(PackRepository.java:1559)
	at knot//net.minecraft.server.packs.repository.PackRepository.discoverAvailable(PackRepository.java:45)
	at knot//net.minecraft.server.packs.repository.PackRepository.reload(PackRepository.java:36)
	at knot//net.minecraft.client.Minecraft.reloadResourcePacks(Minecraft.java:1116)
	at knot//net.minecraft.client.Minecraft.reloadResourcePacks(Minecraft.java:1100)
	at knot//net.minecraft.client.Minecraft.runTick(Minecraft.java:1333)
	at knot//net.minecraft.client.Minecraft.run(Minecraft.java:991)
	at knot//net.minecraft.client.main.Main.main(Main.java:248)
	at net.fabricmc.loader.impl.game.minecraft.MinecraftGameProvider.launch(MinecraftGameProvider.java:517)
	at net.fabricmc.loader.impl.launch.knot.Knot.launch(Knot.java:72)
	at net.fabricmc.loader.impl.launch.knot.KnotClient.main(KnotClient.java:23)
	at org.prismlauncher.launcher.impl.StandardLauncher.launch(StandardLauncher.java:115)
	at org.prismlauncher.EntryPoint.listen(EntryPoint.java:129)
	at org.prismlauncher.EntryPoint.main(EntryPoint.java:70)
[17:52:26] [Render thread/INFO]: Reloading ResourceManager: vanilla, animatica, animatium, antismooth, badoptimizations, bannerpoint, bedrockentitymodels, bedrockskins, betterf3, bhmenu, bobby, borderlessmining, bug-fixer-upper, c2me, cave_fog_stabilizer, chat_heads, claritymod, cloth-config, collective, conditional-mixin, config_manager, console_advancement_sounds, continuity, cpm, dualbar, e4mc, entity_model_features, entity_texture_features, entityculling, fabric-api, fabric-api-base, fabric-api-lookup-api-v1, fabric-biome-api-v1, fabric-block-api-v1, fabric-block-getter-api-v2, fabric-command-api-v2, fabric-content-registries-v0, fabric-convention-tags-v2, fabric-crash-report-info-v1, fabric-creative-tab-api-v1, fabric-data-attachment-api-v1, fabric-data-generation-api-v1, fabric-debug-api-v1, fabric-dimensions-v1, fabric-entity-events-v1, fabric-events-interaction-v0, fabric-game-rule-api-v1, fabric-item-api-v1, fabric-key-mapping-api-v1, fabric-language-kotlin, fabric-lifecycle-events-v1, fabric-loot-api-v3, fabric-menu-api-v1, fabric-message-api-v1, fabric-model-loading-api-v1, fabric-networking-api-v1, fabric-object-builder-api-v1, fabric-particles-v1, fabric-permission-api-v1, fabric-recipe-api-v1, fabric-registry-sync-v0, fabric-renderer-api-v1, fabric-renderer-indigo, fabric-rendering-fluids-v1, fabric-rendering-v1, fabric-resource-conditions-api-v1, fabric-resource-loader-v0, fabric-resource-loader-v1, fabric-screen-api-v1, fabric-serialization-api-v1, fabric-sound-api-v1, fabric-tag-api-v1, fabric-transfer-api-v1, fabric-transitive-access-wideners-v1, fabricloader, factory_api, fix-keyboard-on-linux, forgeconfigapiport, fzzy_config, globalpacks, immediatelyfast, kreno-fpatcher, l4jaddons, lambdabettergrass, languagereload, legacy, legacy_world_sizes, lithium, locator_lodestones, longview, macos_input_fixes, macos_input_fixes_helper, moderner_beta, modernfix, modernregsyncfix, modmenu, nochatreports, nopryingeyes, ok_zoomer, particle_core, picturemode, pingview, placeholder-api, pneumonocore, preferred-gamerules, proplacer, renderscale, scalablelux, skyboxify, sodium, sound_physics_remastered, spruceui, sspb, team_reborn_energy, trender, voicechat, whiteout, wrench_wrapper, wrench_wrapper_backend, yet_another_config_lib_v3, zconfig, zfastnoise, programmer_art, fabric-creative-tab-api-v1_programmer_art, legacy_programmer_art, modmenu_programmer_art, file/PACP_Base_Release.zip, legacy:legacy_waters, file/Legacy-Modpack-Resources.zip, file/Legacy Panorama, file/Legacy Worlds.zip, file/TutorialWorldAddon.zip, continuity:default, continuity:glass_pane_culling_fix, file/Transparency Fix.zip, legacy:legacy_resources, file/Legacy Titles.zip, file/Panorama, file/Legacy Downloaded Skinpacks, file/Legacy Custom Skinpacks, c418only:c418only, 2000s Edition Controller Tips, Clean World Loading, Community Splashes Pack, Fixed Chest Models, LCE Common Resources, Re-Console Resources
[17:52:26] [Render thread/INFO]: [LambdaBetterGrass] Reloading resources...
[17:52:27] [Worker-ResourceReload-3/WARN]: File console_advancement_sounds:sounds/advancement-sound-steam-rare.ogg does not exist, cannot add it to event console_advancement_sounds:advancement-sound-rare.steam
[17:52:27] [Render thread/WARN]: Invalid path in datapack: voicechat:textures/icons/microphone_button.png~, ignoring
[17:52:27] [Render thread/WARN]: Invalid path in datapack: voicechat:textures/icons/speaker_button.png~, ignoring
[17:52:27] [Worker-ResourceReload-3/WARN]: File minecraft:sounds/dig/grass5.ogg does not exist, cannot add it to event minecraft:block.azalea_leaves.break
[17:52:27] [Worker-ResourceReload-3/WARN]: File minecraft:sounds/dig/grass6.ogg does not exist, cannot add it to event minecraft:block.azalea_leaves.break
[17:52:27] [Worker-ResourceReload-1/WARN]: Codepoint 'f3' declared multiple times in legacy:textures/font/default_11.png
[17:52:27] [Worker-ResourceReload-1/WARN]: Codepoint 'd3' declared multiple times in legacy:textures/font/default_11.png
[17:52:27] [Worker-ResourceReload-6/WARN]: Invalid path in datapack: voicechat:textures/icons/microphone_button.png~, ignoring
[17:52:27] [Worker-ResourceReload-6/WARN]: Invalid path in datapack: voicechat:textures/icons/speaker_button.png~, ignoring
[17:52:27] [Worker-ResourceReload-3/INFO]: Found unifont_pua-17.0.01.hex, loading
[17:52:27] [Worker-ResourceReload-3/INFO]: Found unifont_all_no_pua-17.0.01.hex, loading
[17:52:27] [Worker-ResourceReload-8/WARN]: Invalid path in datapack: minecraft:optifine/ctm/programmer art/glass/tinted/0.png, ignoring
[17:52:27] [Worker-ResourceReload-8/WARN]: Invalid path in datapack: minecraft:optifine/ctm/programmer art/glass/tinted/1.png, ignoring
[17:52:27] [Worker-ResourceReload-8/WARN]: Invalid path in datapack: minecraft:optifine/ctm/programmer art/glass/tinted/10.png, ignoring
[17:52:27] [Worker-ResourceReload-8/WARN]: Invalid path in datapack: minecraft:optifine/ctm/programmer art/glass/tinted/11.png, ignoring
[17:52:27] [Worker-ResourceReload-8/WARN]: Invalid path in datapack: minecraft:optifine/ctm/programmer art/glass/tinted/12.png, ignoring
[17:52:27] [Worker-ResourceReload-8/WARN]: Invalid path in datapack: minecraft:optifine/ctm/programmer art/glass/tinted/13.png, ignoring
[17:52:27] [Worker-ResourceReload-8/WARN]: Invalid path in datapack: minecraft:optifine/ctm/programmer art/glass/tinted/14.png, ignoring
[17:52:27] [Worker-ResourceReload-8/WARN]: Invalid path in datapack: minecraft:optifine/ctm/programmer art/glass/tinted/15.png, ignoring
[17:52:27] [Worker-ResourceReload-8/WARN]: Invalid path in datapack: minecraft:optifine/ctm/programmer art/glass/tinted/16.png, ignoring
[17:52:27] [Worker-ResourceReload-8/WARN]: Invalid path in datapack: minecraft:optifine/ctm/programmer art/glass/tinted/17.png, ignoring
[17:52:27] [Worker-ResourceReload-8/WARN]: Invalid path in datapack: minecraft:optifine/ctm/programmer art/glass/tinted/18.png, ignoring
[17:52:27] [Worker-ResourceReload-8/WARN]: Invalid path in datapack: minecraft:optifine/ctm/programmer art/glass/tinted/19.png, ignoring
[17:52:27] [Worker-ResourceReload-8/WARN]: Invalid path in datapack: minecraft:optifine/ctm/programmer art/glass/tinted/2.png, ignoring
[17:52:27] [Worker-ResourceReload-8/WARN]: Invalid path in datapack: minecraft:optifine/ctm/programmer art/glass/tinted/20.png, ignoring
[17:52:27] [Worker-ResourceReload-8/WARN]: Invalid path in datapack: minecraft:optifine/ctm/programmer art/glass/tinted/21.png, ignoring
[17:52:27] [Worker-ResourceReload-8/WARN]: Invalid path in datapack: minecraft:optifine/ctm/programmer art/glass/tinted/22.png, ignoring
[17:52:27] [Worker-ResourceReload-8/WARN]: Invalid path in datapack: minecraft:optifine/ctm/programmer art/glass/tinted/23.png, ignoring
[17:52:27] [Worker-ResourceReload-8/WARN]: Invalid path in datapack: minecraft:optifine/ctm/programmer art/glass/tinted/24.png, ignoring
[17:52:27] [Worker-ResourceReload-8/WARN]: Invalid path in datapack: minecraft:optifine/ctm/programmer art/glass/tinted/25.png, ignoring
[17:52:27] [Worker-ResourceReload-8/WARN]: Invalid path in datapack: minecraft:optifine/ctm/programmer art/glass/tinted/26.png, ignoring
[17:52:27] [Worker-ResourceReload-8/WARN]: Invalid path in datapack: minecraft:optifine/ctm/programmer art/glass/tinted/27.png, ignoring
[17:52:27] [Worker-ResourceReload-8/WARN]: Invalid path in datapack: minecraft:optifine/ctm/programmer art/glass/tinted/28.png, ignoring
[17:52:27] [Worker-ResourceReload-8/WARN]: Invalid path in datapack: minecraft:optifine/ctm/programmer art/glass/tinted/29.png, ignoring
[17:52:27] [Worker-ResourceReload-8/WARN]: Invalid path in datapack: minecraft:optifine/ctm/programmer art/glass/tinted/3.png, ignoring
[17:52:27] [Worker-ResourceReload-8/WARN]: Invalid path in datapack: minecraft:optifine/ctm/programmer art/glass/tinted/30.png, ignoring
[17:52:27] [Worker-ResourceReload-8/WARN]: Invalid path in datapack: minecraft:optifine/ctm/programmer art/glass/tinted/31.png, ignoring
[17:52:27] [Worker-ResourceReload-8/WARN]: Invalid path in datapack: minecraft:optifine/ctm/programmer art/glass/tinted/32.png, ignoring
[17:52:27] [Worker-ResourceReload-8/WARN]: Invalid path in datapack: minecraft:optifine/ctm/programmer art/glass/tinted/33.png, ignoring
[17:52:27] [Worker-ResourceReload-8/WARN]: Invalid path in datapack: minecraft:optifine/ctm/programmer art/glass/tinted/34.png, ignoring
[17:52:27] [Worker-ResourceReload-8/WARN]: Invalid path in datapack: minecraft:optifine/ctm/programmer art/glass/tinted/35.png, ignoring
[17:52:27] [Worker-ResourceReload-8/WARN]: Invalid path in datapack: minecraft:optifine/ctm/programmer art/glass/tinted/36.png, ignoring
[17:52:27] [Worker-ResourceReload-8/WARN]: Invalid path in datapack: minecraft:optifine/ctm/programmer art/glass/tinted/37.png, ignoring
[17:52:27] [Worker-ResourceReload-8/WARN]: Invalid path in datapack: minecraft:optifine/ctm/programmer art/glass/tinted/38.png, ignoring
[17:52:27] [Worker-ResourceReload-8/WARN]: Invalid path in datapack: minecraft:optifine/ctm/programmer art/glass/tinted/39.png, ignoring
[17:52:27] [Worker-ResourceReload-8/WARN]: Invalid path in datapack: minecraft:optifine/ctm/programmer art/glass/tinted/4.png, ignoring
[17:52:27] [Worker-ResourceReload-8/WARN]: Invalid path in datapack: minecraft:optifine/ctm/programmer art/glass/tinted/40.png, ignoring
[17:52:27] [Worker-ResourceReload-8/WARN]: Invalid path in datapack: minecraft:optifine/ctm/programmer art/glass/tinted/41.png, ignoring
[17:52:27] [Worker-ResourceReload-8/WARN]: Invalid path in datapack: minecraft:optifine/ctm/programmer art/glass/tinted/42.png, ignoring
[17:52:27] [Worker-ResourceReload-8/WARN]: Invalid path in datapack: minecraft:optifine/ctm/programmer art/glass/tinted/43.png, ignoring
[17:52:27] [Worker-ResourceReload-8/WARN]: Invalid path in datapack: minecraft:optifine/ctm/programmer art/glass/tinted/44.png, ignoring
[17:52:27] [Worker-ResourceReload-8/WARN]: Invalid path in datapack: minecraft:optifine/ctm/programmer art/glass/tinted/45.png, ignoring
[17:52:27] [Worker-ResourceReload-8/WARN]: Invalid path in datapack: minecraft:optifine/ctm/programmer art/glass/tinted/46.png, ignoring
[17:52:27] [Worker-ResourceReload-8/WARN]: Invalid path in datapack: minecraft:optifine/ctm/programmer art/glass/tinted/5.png, ignoring
[17:52:27] [Worker-ResourceReload-8/WARN]: Invalid path in datapack: minecraft:optifine/ctm/programmer art/glass/tinted/6.png, ignoring
[17:52:27] [Worker-ResourceReload-8/WARN]: Invalid path in datapack: minecraft:optifine/ctm/programmer art/glass/tinted/7.png, ignoring
[17:52:27] [Worker-ResourceReload-8/WARN]: Invalid path in datapack: minecraft:optifine/ctm/programmer art/glass/tinted/8.png, ignoring
[17:52:27] [Worker-ResourceReload-8/WARN]: Invalid path in datapack: minecraft:optifine/ctm/programmer art/glass/tinted/9.png, ignoring
[17:52:27] [Worker-ResourceReload-8/WARN]: Invalid path in datapack: minecraft:optifine/ctm/programmer art/glass/tinted/glass.properties, ignoring
[17:52:27] [Worker-ResourceReload-8/WARN]: Invalid path in datapack: continuity:optifine/ctm/programmer art/glass/tinted/0.png, ignoring
[17:52:27] [Worker-ResourceReload-8/WARN]: Invalid path in datapack: continuity:optifine/ctm/programmer art/glass/tinted/1.png, ignoring
[17:52:27] [Worker-ResourceReload-8/WARN]: Invalid path in datapack: continuity:optifine/ctm/programmer art/glass/tinted/10.png, ignoring
[17:52:27] [Worker-ResourceReload-8/WARN]: Invalid path in datapack: continuity:optifine/ctm/programmer art/glass/tinted/11.png, ignoring
[17:52:27] [Worker-ResourceReload-8/WARN]: Invalid path in datapack: continuity:optifine/ctm/programmer art/glass/tinted/12.png, ignoring
[17:52:27] [Worker-ResourceReload-8/WARN]: Invalid path in datapack: continuity:optifine/ctm/programmer art/glass/tinted/13.png, ignoring
[17:52:27] [Worker-ResourceReload-8/WARN]: Invalid path in datapack: continuity:optifine/ctm/programmer art/glass/tinted/14.png, ignoring
[17:52:27] [Worker-ResourceReload-8/WARN]: Invalid path in datapack: continuity:optifine/ctm/programmer art/glass/tinted/15.png, ignoring
[17:52:27] [Worker-ResourceReload-8/WARN]: Invalid path in datapack: continuity:optifine/ctm/programmer art/glass/tinted/16.png, ignoring
[17:52:27] [Worker-ResourceReload-8/WARN]: Invalid path in datapack: continuity:optifine/ctm/programmer art/glass/tinted/17.png, ignoring
[17:52:27] [Worker-ResourceReload-8/WARN]: Invalid path in datapack: continuity:optifine/ctm/programmer art/glass/tinted/18.png, ignoring
[17:52:27] [Worker-ResourceReload-8/WARN]: Invalid path in datapack: continuity:optifine/ctm/programmer art/glass/tinted/19.png, ignoring
[17:52:27] [Worker-ResourceReload-8/WARN]: Invalid path in datapack: continuity:optifine/ctm/programmer art/glass/tinted/2.png, ignoring
[17:52:27] [Worker-ResourceReload-8/WARN]: Invalid path in datapack: continuity:optifine/ctm/programmer art/glass/tinted/20.png, ignoring
[17:52:27] [Worker-ResourceReload-8/WARN]: Invalid path in datapack: continuity:optifine/ctm/programmer art/glass/tinted/21.png, ignoring
[17:52:27] [Worker-ResourceReload-8/WARN]: Invalid path in datapack: continuity:optifine/ctm/programmer art/glass/tinted/22.png, ignoring
[17:52:27] [Worker-ResourceReload-8/WARN]: Invalid path in datapack: continuity:optifine/ctm/programmer art/glass/tinted/23.png, ignoring
[17:52:27] [Worker-ResourceReload-8/WARN]: Invalid path in datapack: continuity:optifine/ctm/programmer art/glass/tinted/24.png, ignoring
[17:52:27] [Worker-ResourceReload-8/WARN]: Invalid path in datapack: continuity:optifine/ctm/programmer art/glass/tinted/25.png, ignoring
[17:52:27] [Worker-ResourceReload-8/WARN]: Invalid path in datapack: continuity:optifine/ctm/programmer art/glass/tinted/26.png, ignoring
[17:52:27] [Worker-ResourceReload-8/WARN]: Invalid path in datapack: continuity:optifine/ctm/programmer art/glass/tinted/27.png, ignoring
[17:52:27] [Worker-ResourceReload-8/WARN]: Invalid path in datapack: continuity:optifine/ctm/programmer art/glass/tinted/28.png, ignoring
[17:52:27] [Worker-ResourceReload-8/WARN]: Invalid path in datapack: continuity:optifine/ctm/programmer art/glass/tinted/29.png, ignoring
[17:52:27] [Worker-ResourceReload-8/WARN]: Invalid path in datapack: continuity:optifine/ctm/programmer art/glass/tinted/3.png, ignoring
[17:52:27] [Worker-ResourceReload-8/WARN]: Invalid path in datapack: continuity:optifine/ctm/programmer art/glass/tinted/30.png, ignoring
[17:52:27] [Worker-ResourceReload-8/WARN]: Invalid path in datapack: continuity:optifine/ctm/programmer art/glass/tinted/31.png, ignoring
[17:52:27] [Worker-ResourceReload-8/WARN]: Invalid path in datapack: continuity:optifine/ctm/programmer art/glass/tinted/32.png, ignoring
[17:52:27] [Worker-ResourceReload-8/WARN]: Invalid path in datapack: continuity:optifine/ctm/programmer art/glass/tinted/33.png, ignoring
[17:52:27] [Worker-ResourceReload-8/WARN]: Invalid path in datapack: continuity:optifine/ctm/programmer art/glass/tinted/34.png, ignoring
[17:52:27] [Worker-ResourceReload-8/WARN]: Invalid path in datapack: continuity:optifine/ctm/programmer art/glass/tinted/35.png, ignoring
[17:52:27] [Worker-ResourceReload-8/WARN]: Invalid path in datapack: continuity:optifine/ctm/programmer art/glass/tinted/36.png, ignoring
[17:52:27] [Worker-ResourceReload-8/WARN]: Invalid path in datapack: continuity:optifine/ctm/programmer art/glass/tinted/37.png, ignoring
[17:52:27] [Worker-ResourceReload-8/WARN]: Invalid path in datapack: continuity:optifine/ctm/programmer art/glass/tinted/38.png, ignoring
[17:52:27] [Worker-ResourceReload-8/WARN]: Invalid path in datapack: continuity:optifine/ctm/programmer art/glass/tinted/39.png, ignoring
[17:52:27] [Worker-ResourceReload-8/WARN]: Invalid path in datapack: continuity:optifine/ctm/programmer art/glass/tinted/4.png, ignoring
[17:52:27] [Worker-ResourceReload-8/WARN]: Invalid path in datapack: continuity:optifine/ctm/programmer art/glass/tinted/40.png, ignoring
[17:52:27] [Worker-ResourceReload-8/WARN]: Invalid path in datapack: continuity:optifine/ctm/programmer art/glass/tinted/41.png, ignoring
[17:52:27] [Worker-ResourceReload-8/WARN]: Invalid path in datapack: continuity:optifine/ctm/programmer art/glass/tinted/42.png, ignoring
[17:52:27] [Worker-ResourceReload-8/WARN]: Invalid path in datapack: continuity:optifine/ctm/programmer art/glass/tinted/43.png, ignoring
[17:52:27] [Worker-ResourceReload-8/WARN]: Invalid path in datapack: continuity:optifine/ctm/programmer art/glass/tinted/44.png, ignoring
[17:52:27] [Worker-ResourceReload-8/WARN]: Invalid path in datapack: continuity:optifine/ctm/programmer art/glass/tinted/45.png, ignoring
[17:52:27] [Worker-ResourceReload-8/WARN]: Invalid path in datapack: continuity:optifine/ctm/programmer art/glass/tinted/46.png, ignoring
[17:52:27] [Worker-ResourceReload-8/WARN]: Invalid path in datapack: continuity:optifine/ctm/programmer art/glass/tinted/5.png, ignoring
[17:52:27] [Worker-ResourceReload-8/WARN]: Invalid path in datapack: continuity:optifine/ctm/programmer art/glass/tinted/6.png, ignoring
[17:52:27] [Worker-ResourceReload-8/WARN]: Invalid path in datapack: continuity:optifine/ctm/programmer art/glass/tinted/7.png, ignoring
[17:52:27] [Worker-ResourceReload-8/WARN]: Invalid path in datapack: continuity:optifine/ctm/programmer art/glass/tinted/8.png, ignoring
[17:52:27] [Worker-ResourceReload-8/WARN]: Invalid path in datapack: continuity:optifine/ctm/programmer art/glass/tinted/9.png, ignoring
[17:52:27] [Worker-ResourceReload-8/WARN]: Invalid path in datapack: continuity:optifine/ctm/programmer art/glass/tinted/glass.properties, ignoring
[17:52:27] [Worker-ResourceReload-1/INFO]: Found unifont_jp_patch-17.0.01.hex, loading
[17:52:27] [Render thread/WARN]: minecraft:pipeline/entity_cutout_dissolve shader program does not use sampler DissolveMaskSampler defined in the pipeline. This might be a bug.
[17:52:27] [Render thread/INFO]: Created: 512x256x0 minecraft:textures/atlas/particles.png-atlas
[17:52:27] [Render thread/INFO]: Created: 128x128x0 minecraft:textures/atlas/decorated_pot.png-atlas
[17:52:27] [Render thread/INFO]: Created: 2048x1024x0 minecraft:textures/atlas/armor_trims.png-atlas
[17:52:27] [Render thread/INFO]: Created: 512x256x0 minecraft:textures/atlas/paintings.png-atlas
[17:52:27] [Render thread/INFO]: Created: 1024x512x0 minecraft:textures/atlas/shield_patterns.png-atlas
[17:52:27] [Render thread/INFO]: Created: 4096x2048x4 minecraft:textures/atlas/blocks.png-atlas
[17:52:27] [Render thread/INFO]: Created: 512x512x0 minecraft:textures/atlas/chest.png-atlas
[17:52:27] [Render thread/INFO]: Created: 256x128x0 minecraft:textures/atlas/celestials.png-atlas
[17:52:27] [Render thread/INFO]: Created: 1024x512x0 minecraft:textures/atlas/banner_patterns.png-atlas
[17:52:27] [Render thread/INFO]: Created: 512x512x0 minecraft:textures/atlas/beds.png-atlas
[17:52:27] [Render thread/INFO]: Created: 1024x512x0 minecraft:textures/atlas/items.png-atlas
[17:52:27] [Render thread/INFO]: Created: 4096x4096x0 minecraft:textures/atlas/gui.png-atlas
[17:52:27] [Render thread/INFO]: Created: 128x64x0 minecraft:textures/atlas/map_decorations.png-atlas
[17:52:27] [Render thread/INFO]: Created: 512x256x0 minecraft:textures/atlas/signs.png-atlas
[17:52:27] [Render thread/INFO]: Created: 512x512x0 minecraft:textures/atlas/shulker_boxes.png-atlas
[17:52:27] [main/INFO]: Dynamic entity renderer hook setup
[17:52:28] [Render thread/WARN]: Invalid path in datapack: voicechat:textures/icons/microphone_button.png~, ignoring
[17:52:28] [Render thread/WARN]: Invalid path in datapack: voicechat:textures/icons/speaker_button.png~, ignoring
[17:52:28] [Render thread/INFO]: Loaded scale 0.35 for entity: bat
[17:52:28] [Render thread/ERROR]: Invalid path in mod resource-pack betterf3: betterf3:lang/README.md, ignoring
[17:52:28] [Render thread/INFO]: Loaded 0 built-in, 0 custom biome tags
[17:52:28] [Render thread/INFO]: Loaded 0 built-in, 0 custom block tags
[17:52:28] [Render thread/INFO]: Loaded 0 built-in, 0 custom entity tags
[17:52:28] [Render thread/INFO]: Loaded 6 built-in, 0 custom item tags
[17:52:28] [Render thread/INFO]: [ETF]: reloading ETF data.
[17:52:28] [Render thread/INFO]: [ETF]: emissive suffixes loaded: [_e]
[17:52:30] [main/WARN]: Game took 21.47 seconds to start
[17:52:30] [Worker-ResourceReload-0/INFO]: Force-loading class net.minecraft.world.level.block.state.pattern.BlockPattern
[17:52:30] [Worker-ResourceReload-0/INFO]: Force-loading class net.minecraft.world.level.gameevent.vibrations.VibrationSystem$Listener
[17:52:30] [Worker-ResourceReload-0/INFO]: Force-loading class net.minecraft.data.recipes.SmithingTransformRecipeBuilder
[17:52:30] [Worker-ResourceReload-0/INFO]: Force-loading class net.minecraft.world.level.levelgen.NoiseChunk$1
[17:52:30] [Worker-ResourceReload-0/INFO]: Force-loading class net.minecraft.client.gui.screens.options.LanguageSelectScreen$LanguageSelectionList
[17:52:30] [Worker-ResourceReload-0/INFO]: Force-loading class net.minecraft.world.level.levelgen.SurfaceRules$Context
[17:52:30] [Worker-ResourceReload-0/INFO]: Force-loading class net.minecraft.client.renderer.OutlineBufferSource$EntityOutlineGenerator
[17:52:30] [Worker-ResourceReload-0/INFO]: Force-loading class net.minecraft.server.level.WorldGenRegion
[17:52:30] [Worker-ResourceReload-0/INFO]: Force-loading class net.minecraft.data.recipes.RecipeProvider
[17:52:30] [Worker-ResourceReload-0/INFO]: Force-loading class net.minecraft.world.level.chunk.LevelChunkSection$1BlockCounter
[17:52:30] [Worker-ResourceReload-0/INFO]: Force-loading class net.minecraft.client.renderer.chunk.RenderSectionRegion
[17:52:30] [Worker-ResourceReload-0/INFO]: Force-loading class net.minecraft.network.protocol.configuration.ServerboundSelectKnownPacks
[17:52:30] [Worker-ResourceReload-0/INFO]: Force-loading class net.minecraft.client.gui.contextualbar.ExperienceBarRenderer
[17:52:30] [Worker-ResourceReload-0/INFO]: Force-loading class net.minecraft.world.level.block.ComposterBlock$InputContainer
[17:52:30] [Worker-ResourceReload-0/INFO]: Force-loading class net.minecraft.client.particle.FireworkParticles$Starter
[17:52:30] [Worker-ResourceReload-0/INFO]: Force-loading class net.minecraft.client.renderer.state.level.QuadParticleRenderState
[17:52:30] [Worker-ResourceReload-0/INFO]: Force-loading class net.minecraft.world.entity.ai.behavior.Swim
[17:52:30] [Worker-ResourceReload-0/INFO]: Force-loading class net.minecraft.client.data.models.ModelProvider
[17:52:30] [Worker-ResourceReload-0/INFO]: Force-loading class net.minecraft.world.level.levelgen.structure.structures.NetherFortressPieces$PieceWeight
[17:52:30] [Worker-ResourceReload-0/INFO]: Force-loading class net.minecraft.client.gui.screens.worldselection.WorldOpenFlows
[17:52:30] [Worker-ResourceReload-0/INFO]: Force-loading class net.minecraft.client.multiplayer.resolver.ServerAddressResolver
[17:52:30] [Worker-ResourceReload-0/INFO]: Force-loading class net.minecraft.client.renderer.PlayerSkinRenderCache$RenderInfo
[17:52:30] [Worker-ResourceReload-0/INFO]: Force-loading class net.minecraft.world.entity.ai.behavior.LongJumpToRandomPos
[17:52:30] [Worker-ResourceReload-0/INFO]: Force-loading class net.minecraft.client.gui.font.TextFieldHelper
[17:52:30] [Worker-ResourceReload-0/INFO]: Force-loading class net.minecraft.client.multiplayer.RegistryDataCollector$ContentsCollector
[17:52:30] [Worker-ResourceReload-0/INFO]: Force-loading class net.minecraft.server.level.DistanceManager
[17:52:30] [Worker-ResourceReload-0/INFO]: Force-loading class net.minecraft.server.network.ServerLoginPacketListenerImpl
[17:52:30] [Worker-ResourceReload-0/INFO]: Force-loading class net.minecraft.client.gui.components.ChatComponent$DrawingBackgroundGraphicsAccess
[17:52:30] [Worker-ResourceReload-0/INFO]: Force-loading class net.minecraft.server.level.ServerLevel$EntityCallbacks
[17:52:30] [Worker-ResourceReload-0/INFO]: Force-loading class net.minecraft.client.multiplayer.KnownPacksManager
[17:52:30] [Worker-ResourceReload-0/INFO]: Force-loading class net.minecraft.client.gui.font.PlainTextRenderable
[17:52:30] [Worker-ResourceReload-0/INFO]: Force-loading class net.minecraft.world.level.dimension.end.EnderDragonFight
[17:52:30] [Worker-ResourceReload-0/INFO]: Force-loading class net.minecraft.world.level.chunk.LevelChunk$RebindableTickingBlockEntityWrapper
[17:52:30] [Worker-ResourceReload-0/INFO]: Force-loading class net.caffeinemc.mods.sodium.client.render.chunk.RenderSectionManager
[17:52:30] [Worker-ResourceReload-0/INFO]: Force-loading class net.minecraft.world.level.lighting.LayerLightSectionStorage
[17:52:30] [Worker-ResourceReload-0/INFO]: Force-loading class net.minecraft.data.tags.TagAppender$2
[17:52:30] [Worker-ResourceReload-0/INFO]: Force-loading class net.minecraft.server.level.LoadingChunkTracker
[17:52:30] [Worker-ResourceReload-0/INFO]: Force-loading class net.minecraft.world.CompoundContainer
[17:52:30] [Worker-ResourceReload-0/INFO]: Force-loading class net.minecraft.data.tags.TagAppender$1
[17:52:30] [Worker-ResourceReload-0/INFO]: Force-loading class net.minecraft.client.gui.font.AtlasGlyphProvider$Instance
[17:52:30] [Worker-ResourceReload-0/INFO]: Force-loading class net.minecraft.network.PacketEncoder
[17:52:30] [Worker-ResourceReload-0/INFO]: Force-loading class net.minecraft.data.recipes.SimpleCookingRecipeBuilder
[17:52:30] [Worker-ResourceReload-0/INFO]: Force-loading class net.minecraft.client.renderer.LevelEventHandler
[17:52:30] [Worker-ResourceReload-0/INFO]: Force-loading class net.minecraft.world.level.levelgen.structure.StructureStart
[17:52:30] [Worker-ResourceReload-0/INFO]: Force-loading class net.minecraft.world.level.block.entity.FuelValues
[17:52:30] [Worker-ResourceReload-0/INFO]: Force-loading class net.minecraft.world.entity.ai.goal.GoalSelector
[17:52:30] [Worker-ResourceReload-0/INFO]: Force-loading class net.minecraft.world.level.levelgen.SurfaceSystem
[17:52:30] [Worker-ResourceReload-0/INFO]: Force-loading class net.minecraft.data.recipes.ShapedRecipeBuilder
[17:52:30] [Worker-ResourceReload-0/INFO]: Force-loading class net.minecraft.client.gui.screens.packs.TransferableSelectionList$PackEntry
[17:52:30] [Worker-ResourceReload-0/INFO]: Force-loading class net.minecraft.client.gui.components.tabs.TabNavigationBar
[17:52:30] [Worker-ResourceReload-0/INFO]: Force-loading class net.minecraft.client.resources.sounds.RidingEntitySoundInstance
[17:52:30] [Worker-ResourceReload-0/INFO]: Force-loading class link.e4mc.shadow.dirs.Util
[17:52:30] [Worker-ResourceReload-0/INFO]: Force-loading class net.minecraft.world.food.FoodData
[17:52:30] [Worker-ResourceReload-0/INFO]: Force-loading class net.minecraft.world.level.TicketStorage
[17:52:30] [Worker-ResourceReload-0/INFO]: Force-loading class net.minecraft.client.renderer.entity.state.EntityRenderState$LeashState
[17:52:30] [Worker-ResourceReload-0/INFO]: Force-loading class net.minecraft.world.level.levelgen.OreVeinifier
[17:52:30] [Worker-ResourceReload-0/INFO]: Force-loading class com.mojang.blaze3d.vertex.CompactVectorArray
[17:52:30] [Worker-ResourceReload-0/INFO]: Force-loading class net.minecraft.world.level.levelgen.structure.templatesystem.StructurePlaceSettings
[17:52:30] [Worker-ResourceReload-0/INFO]: Force-loading class net.minecraft.world.level.storage.TagValueOutput
[17:52:30] [Worker-ResourceReload-0/INFO]: Force-loading class net.minecraft.world.level.chunk.storage.RegionFileStorage
[17:52:30] [Worker-ResourceReload-0/INFO]: Force-loading class net.minecraft.world.item.enchantment.EnchantmentHelper
[17:52:30] [Worker-ResourceReload-0/INFO]: Force-loading class net.minecraft.data.registries.VanillaRegistries
[17:52:30] [Worker-ResourceReload-0/INFO]: Force-loading class net.minecraft.client.renderer.SubmitNodeStorage$NameTagSubmit
[17:52:30] [Worker-ResourceReload-0/INFO]: Force-loading class net.minecraft.world.entity.ai.behavior.GiveGiftToHero
[17:52:30] [Worker-ResourceReload-0/INFO]: Force-loading class net.minecraft.server.dedicated.Settings
[17:52:30] [Worker-ResourceReload-0/INFO]: Force-loading class net.minecraft.data.loot.BlockLootSubProvider
[17:52:30] [Worker-ResourceReload-0/INFO]: Force-loading class net.caffeinemc.mods.sodium.client.render.chunk.occlusion.OcclusionCuller
[17:52:30] [Worker-ResourceReload-0/INFO]: Force-loading class net.fabricmc.fabric.impl.attachment.GlobalAttachmentsImpl
[17:52:30] [Worker-ResourceReload-0/INFO]: Force-loading class com.ishland.c2me.rewrites.chunksystem.common.statuses.ServerAccessibleChunkSending
[17:52:30] [Worker-ResourceReload-0/INFO]: Force-loading class net.minecraft.client.gui.screens.advancements.AdvancementTabType
[17:52:30] [Worker-ResourceReload-0/INFO]: Force-loading class net.caffeinemc.mods.sodium.client.world.LevelSlice
[17:52:30] [Worker-ResourceReload-0/INFO]: Force-loading class net.minecraft.client.gui.screens.advancements.AdvancementTab
[17:52:30] [Worker-ResourceReload-0/INFO]: Force-loading class net.minecraft.client.multiplayer.ClientLevel$EntityCallbacks
[17:52:30] [Worker-ResourceReload-0/INFO]: Force-loading class net.minecraft.data.registries.RegistryPatchGenerator
[17:52:30] [Worker-ResourceReload-0/INFO]: Force-loading class net.minecraft.world.level.block.SculkSpreader
[17:52:30] [Worker-ResourceReload-0/INFO]: Force-loading class net.minecraft.data.HashCache$ProviderCache
[17:52:30] [Worker-ResourceReload-0/INFO]: Force-loading class net.minecraft.world.level.levelgen.structure.templatesystem.StructureTemplate$Palette
[17:52:30] [Worker-ResourceReload-0/INFO]: Force-loading class net.minecraft.world.level.biome.Climate$Sampler
[17:52:30] [Worker-ResourceReload-0/INFO]: Force-loading class net.minecraft.network.codec.ByteBufCodecs$34
[17:52:30] [Worker-ResourceReload-0/INFO]: Force-loading class net.minecraft.world.entity.ai.behavior.StartAttacking
[17:52:30] [Worker-ResourceReload-0/INFO]: Force-loading class net.minecraft.world.level.chunk.LevelChunkSection
[17:52:30] [Worker-ResourceReload-0/INFO]: Force-loading class net.minecraft.world.entity.ai.behavior.ShufflingList
[17:52:30] [Worker-ResourceReload-0/INFO]: Force-loading class net.minecraft.client.gui.screens.inventory.tooltip.ClientTextTooltip
[17:52:30] [Worker-ResourceReload-0/INFO]: Force-loading class net.minecraft.world.level.entity.EntitySectionStorage
[17:52:30] [Worker-ResourceReload-0/INFO]: Force-loading class net.minecraft.world.level.levelgen.Aquifer$FluidStatus
[17:52:30] [Worker-ResourceReload-0/INFO]: Force-loading class net.minecraft.world.level.levelgen.structure.StructureCheck
[17:52:30] [Worker-ResourceReload-0/INFO]: Force-loading class net.minecraft.data.recipes.SmithingTrimRecipeBuilder
[17:52:30] [Worker-ResourceReload-0/INFO]: Force-loading class net.minecraft.world.level.storage.TagValueInput
[17:52:30] [Worker-ResourceReload-0/INFO]: Force-loading class net.minecraft.client.multiplayer.ClientChunkCache
[17:52:30] [Worker-ResourceReload-0/INFO]: Force-loading class net.minecraft.client.multiplayer.ClientChunkCache$Storage
[17:52:30] [Worker-ResourceReload-0/INFO]: Force-loading class net.minecraft.world.level.levelgen.NoiseChunk$CacheOnce
[17:52:30] [Worker-ResourceReload-0/INFO]: Force-loading class com.mojang.blaze3d.vertex.VertexMultiConsumer$Double
[17:52:30] [Worker-ResourceReload-0/INFO]: Force-loading class net.minecraft.server.PlayerAdvancements
[17:52:30] [Worker-ResourceReload-0/INFO]: Force-loading class net.minecraft.util.datafix.fixes.BlockStateData
[17:52:30] [Worker-ResourceReload-0/INFO]: Force-loading class me.shedaniel.clothconfig2.gui.AbstractConfigScreen$QuitSaveConsumer
[17:52:30] [Worker-ResourceReload-0/INFO]: Force-loading class net.minecraft.client.resources.sounds.MinecartSoundInstance
[17:52:30] [Worker-ResourceReload-0/INFO]: Force-loading class net.minecraft.client.gui.components.toasts.RecipeToast
[17:52:30] [Worker-ResourceReload-0/INFO]: Force-loading class net.minecraft.world.ticks.ProtoChunkTicks
[17:52:30] [Worker-ResourceReload-0/INFO]: Force-loading class net.minecraft.world.entity.ai.behavior.ShufflingList$WeightedEntry
[17:52:30] [Worker-ResourceReload-0/INFO]: Force-loading class net.minecraft.client.resources.sounds.ElytraOnPlayerSoundInstance
[17:52:30] [Worker-ResourceReload-0/INFO]: Force-loading class net.minecraft.world.entity.projectile.ProjectileUtil
[17:52:30] [Worker-ResourceReload-0/INFO]: Force-loading class net.minecraft.client.gui.screens.worldselection.WorldCreationUiState
[17:52:30] [Worker-ResourceReload-0/INFO]: Force-loading class net.minecraft.advancements.Advancement$Builder
[17:52:30] [Worker-ResourceReload-0/INFO]: Force-loading class ca.spottedleaf.starlight.common.light.SWMRNibbleArray$SaveState
[17:52:30] [Worker-ResourceReload-0/INFO]: Force-loading class net.minecraft.client.gui.screens.multiplayer.ServerSelectionList$OnlineServerEntry
[17:52:30] [Worker-ResourceReload-0/INFO]: Force-loading class net.minecraft.server.commands.DebugConfigCommand
[17:52:30] [Worker-ResourceReload-0/INFO]: Force-loading class net.minecraft.client.Screenshot
[17:52:30] [Worker-ResourceReload-0/INFO]: Force-loading class net.minecraft.world.level.storage.loot.LootPool$Builder
[17:52:30] [Worker-ResourceReload-0/INFO]: Force-loading class net.minecraft.util.SortedArraySet
[17:52:30] [Worker-ResourceReload-0/INFO]: Force-loading class net.minecraft.client.renderer.chunk.RenderRegionCache
[17:52:30] [Worker-ResourceReload-0/INFO]: Force-loading class net.minecraft.server.dedicated.DedicatedServer
[17:52:30] [Worker-ResourceReload-0/INFO]: Force-loading class net.minecraft.world.level.lighting.BlockLightEngine
[17:52:30] [Worker-ResourceReload-0/INFO]: Force-loading class net.minecraft.client.gui.components.CommandSuggestions$SuggestionsList
[17:52:30] [Worker-ResourceReload-0/INFO]: Force-loading class net.minecraft.world.level.chunk.LevelChunk$BoundTickingBlockEntity
[17:52:30] [Worker-ResourceReload-0/INFO]: Force-loading class net.minecraft.client.renderer.chunk.ChunkSectionsToRender
[17:52:30] [Worker-ResourceReload-0/INFO]: Force-loading class net.minecraft.server.level.DistanceManager$PlayerTicketTracker
[17:52:30] [Worker-ResourceReload-0/INFO]: Force-loading class net.minecraft.world.level.entity.TransientEntitySectionManager
[17:52:30] [Worker-ResourceReload-0/INFO]: Force-loading class net.minecraft.world.level.biome.BiomeManager
[17:52:30] [Worker-ResourceReload-0/INFO]: Force-loading class com.mojang.blaze3d.vertex.SheetedDecalTextureGenerator
[17:52:30] [Worker-ResourceReload-0/INFO]: Force-loading class net.minecraft.world.entity.raid.Raid
[17:52:30] [Worker-ResourceReload-0/INFO]: Force-loading class net.minecraft.client.multiplayer.SessionSearchTrees
[17:52:30] [Worker-ResourceReload-0/INFO]: Force-loading class net.minecraft.client.renderer.BiomeColors
[17:52:30] [Worker-ResourceReload-0/INFO]: Force-loading class net.minecraft.world.level.levelgen.NoiseChunk
[17:52:30] [Worker-ResourceReload-0/INFO]: Force-loading class net.minecraft.client.gui.screens.packs.PackSelectionModel
[17:52:30] [Worker-ResourceReload-0/INFO]: Force-loading class net.minecraft.world.level.levelgen.PhantomSpawner
[17:52:30] [Worker-ResourceReload-0/INFO]: Force-loading class net.minecraft.world.level.gameevent.GameEventDispatcher
[17:52:30] [Worker-ResourceReload-0/INFO]: Force-loading class net.minecraft.network.protocol.BundlePacket
[17:52:30] [Worker-ResourceReload-0/INFO]: Force-loading class net.minecraft.world.level.storage.SavedDataStorage
[17:52:30] [Worker-ResourceReload-0/INFO]: Force-loading class net.minecraft.world.level.levelgen.blending.Blender
[17:52:30] [Worker-ResourceReload-0/INFO]: Force-loading class net.minecraft.client.multiplayer.RegistryDataCollector
[17:52:30] [Worker-ResourceReload-0/INFO]: Force-loading class net.minecraft.stats.RecipeBookSettings
[17:52:30] [Worker-ResourceReload-0/INFO]: Force-loading class net.minecraft.world.level.levelgen.Aquifer$NoiseBasedAquifer
[17:52:30] [Worker-ResourceReload-0/INFO]: Force-loading class net.minecraft.world.level.levelgen.structure.structures.WoodlandMansionPieces$MansionGrid
[17:52:30] [Worker-ResourceReload-0/INFO]: Force-loading class net.minecraft.data.tags.TagsProvider
[17:52:30] [Worker-ResourceReload-0/INFO]: Force-loading class net.minecraft.client.renderer.block.FluidRenderer
[17:52:30] [Worker-ResourceReload-0/INFO]: Force-loading class net.minecraft.world.level.levelgen.BelowZeroRetrogen
[17:52:30] [Worker-ResourceReload-0/INFO]: Force-loading class net.minecraft.server.level.Ticket
[17:52:30] [Worker-ResourceReload-0/INFO]: Force-loading class net.minecraft.server.level.ServerEntity
[17:52:30] [Worker-ResourceReload-0/INFO]: Force-loading class net.minecraft.client.gui.components.AbstractTextAreaWidget
[17:52:30] [Worker-ResourceReload-0/INFO]: Force-loading class net.minecraft.world.level.block.ComposterBlock$EmptyContainer
[17:52:30] [Worker-ResourceReload-0/INFO]: Force-loading class net.minecraft.client.multiplayer.chat.ChatTrustLevel
[17:52:30] [Worker-ResourceReload-0/INFO]: Force-loading class net.minecraft.client.renderer.PostPass
[17:52:30] [Worker-ResourceReload-0/INFO]: Force-loading class net.minecraft.network.protocol.login.ServerboundCustomQueryAnswerPacket
[17:52:30] [Worker-ResourceReload-0/INFO]: Force-loading class net.minecraft.client.renderer.state.MapRenderState$MapDecorationRenderState
[17:52:30] [Worker-ResourceReload-0/INFO]: Force-loading class net.minecraft.world.entity.ai.behavior.AcquirePoi
[17:52:30] [Worker-ResourceReload-0/INFO]: Force-loading class net.minecraft.server.Main
[17:52:30] [Worker-ResourceReload-0/INFO]: Force-loading class net.minecraft.util.debug.ServerDebugSubscribers
[17:52:30] [Worker-ResourceReload-0/INFO]: Force-loading class net.caffeinemc.mods.sodium.fabric.render.FluidRendererImpl$FabricFactory
[17:52:30] [Worker-ResourceReload-0/INFO]: Force-loading class net.minecraft.client.gui.screens.social.PlayerEntry
[17:52:30] [Worker-ResourceReload-0/INFO]: Force-loading class ca.spottedleaf.starlight.common.light.StarLightInterface$1
[17:52:30] [Worker-ResourceReload-0/INFO]: Force-loading class net.minecraft.world.level.levelgen.structure.structures.WoodlandMansionPieces$PlacementData
[17:52:30] [Worker-ResourceReload-0/INFO]: Force-loading class net.minecraft.world.level.levelgen.NoiseChunk$Cache2D
[17:52:30] [Worker-ResourceReload-0/INFO]: Force-loading class ca.spottedleaf.starlight.common.light.StarLightInterface$2
[17:52:30] [Worker-ResourceReload-0/INFO]: Force-loading class net.minecraft.world.attribute.EnvironmentAttributeSystem
[17:52:30] [Worker-ResourceReload-0/INFO]: Force-loading class net.minecraft.client.multiplayer.chat.GuiMessage$Line
[17:52:30] [Worker-ResourceReload-0/INFO]: Force-loading class net.minecraft.network.protocol.game.ServerboundChatCommandSignedPacket
[17:52:30] [Worker-ResourceReload-0/INFO]: Force-loading class net.minecraft.client.renderer.state.gui.PanoramaRenderState
[17:52:30] [Worker-ResourceReload-0/INFO]: Force-loading class net.minecraft.client.data.models.ModelProvider$BlockStateGeneratorCollector
[17:52:30] [Worker-ResourceReload-0/INFO]: Force-loading class net.minecraft.world.entity.ElytraAnimationState
[17:52:30] [Worker-ResourceReload-0/INFO]: Force-loading class net.minecraft.world.level.chunk.storage.SectionStorage
[17:52:30] [Worker-ResourceReload-0/INFO]: Force-loading class net.minecraft.network.protocol.common.ServerboundCustomPayloadPacket
[17:52:30] [Worker-ResourceReload-0/INFO]: Force-loading class net.minecraft.world.level.PathNavigationRegion
[17:52:30] [Worker-ResourceReload-0/INFO]: Force-loading class net.minecraft.client.renderer.block.MovingBlockRenderState
[17:52:30] [Worker-ResourceReload-0/INFO]: Force-loading class net.minecraft.world.entity.ai.behavior.VillagerMakeLove
[17:52:30] [Worker-ResourceReload-0/INFO]: Force-loading class net.minecraft.client.multiplayer.resolver.ServerNameResolver
[17:52:30] [Worker-ResourceReload-0/INFO]: Force-loading class net.minecraft.commands.execution.tasks.BuildContexts
[17:52:30] [Worker-ResourceReload-0/INFO]: Force-loading class net.minecraft.client.gui.screens.advancements.AdvancementWidget
[17:52:30] [Worker-ResourceReload-0/INFO]: Force-loading class net.minecraft.client.gui.screens.inventory.AbstractSignEditScreen
[17:52:30] [Worker-ResourceReload-0/INFO]: Force-loading class net.minecraft.client.entity.ClientAvatarState
[17:52:30] [Worker-ResourceReload-0/INFO]: Force-loading class net.minecraft.data.HashCache
[17:52:30] [Worker-ResourceReload-0/INFO]: Force-loading class net.minecraft.client.renderer.state.gui.GuiItemRenderState
[17:52:30] [Worker-ResourceReload-0/INFO]: Force-loading class net.minecraft.world.level.block.ComposterBlock$OutputContainer
[17:52:30] [Worker-ResourceReload-0/INFO]: Force-loading class net.minecraft.world.level.chunk.UpgradeData
[17:52:30] [Worker-ResourceReload-0/INFO]: Force-loading class net.minecraft.client.gui.screens.recipebook.GhostSlots
[17:52:30] [Worker-ResourceReload-0/INFO]: Force-loading class wily.legacy.client.LegacyCloudAtmosphere
[17:52:30] [Worker-ResourceReload-0/INFO]: Force-loading class net.minecraft.server.network.PlayerChunkSender
[17:52:30] [Worker-ResourceReload-0/INFO]: Force-loading class net.minecraft.network.VarLong
[17:52:30] [Worker-ResourceReload-0/INFO]: Force-loading class net.minecraft.client.gui.font.PlayerGlyphProvider$Instance
[17:52:30] [Worker-ResourceReload-0/INFO]: Force-loading class net.minecraft.world.level.entity.EntityTickList
[17:52:30] [Worker-ResourceReload-0/INFO]: Force-loading class ca.spottedleaf.starlight.common.integration.v0.ChunkSystemHooks
[17:52:30] [Worker-ResourceReload-0/INFO]: Force-loading class net.minecraft.data.DataProvider
[17:52:30] [Worker-ResourceReload-0/INFO]: Force-loading class net.minecraft.data.loot.EntityLootSubProvider
[17:52:30] [Worker-ResourceReload-0/INFO]: Force-loading class net.minecraft.util.SimpleBitStorage
[17:52:30] [Worker-ResourceReload-0/INFO]: Force-loading class net.minecraft.world.level.levelgen.blending.BlendingData
[17:52:30] [Worker-ResourceReload-0/INFO]: Force-loading class net.minecraft.world.level.chunk.storage.RecreatingSimpleRegionStorage
[17:52:30] [Worker-ResourceReload-0/INFO]: Force-loading class net.minecraft.client.multiplayer.ClientAdvancements
[17:52:30] [Worker-ResourceReload-0/INFO]: Force-loading class net.minecraft.server.network.config.SynchronizeRegistriesTask
[17:52:30] [Worker-ResourceReload-0/INFO]: Force-loading class net.minecraft.client.gui.components.ChatComponent$DrawingFocusedGraphicsAccess
[17:52:30] [Worker-ResourceReload-0/INFO]: Force-loading class net.minecraft.world.level.chunk.PalettedContainer
[17:52:30] [Worker-ResourceReload-0/INFO]: Force-loading class net.minecraft.client.gui.contextualbar.LocatorBarRenderer
[17:52:30] [Worker-ResourceReload-0/INFO]: Force-loading class com.mojang.realmsclient.RealmsAvailability
[17:52:30] [Worker-ResourceReload-0/INFO]: Force-loading class net.minecraft.world.level.levelgen.XoroshiroRandomSource$XoroshiroPositionalRandomFactory
[17:52:30] [Worker-ResourceReload-0/INFO]: Force-loading class com.ishland.c2me.rewrites.chunksystem.common.statuses.ServerBlockTicking
[17:52:30] [Worker-ResourceReload-0/INFO]: Force-loading class net.minecraft.client.renderer.state.level.BlockBreakingRenderState
[17:52:30] [Worker-ResourceReload-0/INFO]: Force-loading class net.minecraft.world.item.trading.MerchantOffer
[17:52:30] [Worker-ResourceReload-0/INFO]: Force-loading class net.minecraft.world.entity.ai.behavior.AssignProfessionFromJobSite
[17:52:30] [Worker-ResourceReload-0/INFO]: Force-loading class net.minecraft.commands.arguments.ArgumentSignatures
[17:52:30] [Worker-ResourceReload-0/INFO]: Force-loading class net.minecraft.client.gui.components.toasts.TutorialToast
[17:52:30] [Worker-ResourceReload-0/INFO]: Force-loading class net.minecraft.world.level.levelgen.Beardifier
[17:52:30] [Worker-ResourceReload-0/INFO]: Force-loading class net.minecraft.world.entity.ai.village.poi.PoiSection
[17:52:30] [Worker-ResourceReload-0/INFO]: Force-loading class net.minecraft.server.packs.resources.ProfiledReloadInstance
[17:52:30] [Worker-ResourceReload-0/INFO]: Force-loading class net.minecraft.world.entity.ai.behavior.ResetProfession
[17:52:30] [Worker-ResourceReload-0/INFO]: Force-loading class com.mojang.blaze3d.font.TrueTypeGlyphProvider$Glyph$1
[17:52:30] [Worker-ResourceReload-0/INFO]: Force-loading class net.minecraft.server.network.ServerConnectionListener
[17:52:30] [Worker-ResourceReload-0/INFO]: Force-loading class fuzs.puzzleslib.common.api.container.v1.MenuProviderWithData
[17:52:30] [Worker-ResourceReload-0/INFO]: Force-loading class net.minecraft.commands.execution.CommandQueueEntry
[17:52:30] [Worker-ResourceReload-0/INFO]: Force-loading class net.minecraft.world.level.chunk.Strategy
[17:52:30] [Worker-ResourceReload-0/INFO]: Force-loading class net.minecraft.client.renderer.SpriteCoordinateExpander
[17:52:30] [Worker-ResourceReload-0/INFO]: Force-loading class net.minecraft.gametest.framework.GameTestServer
[17:52:30] [Worker-ResourceReload-0/INFO]: Force-loading class net.minecraft.core.RegistrySynchronization
[17:52:30] [Worker-ResourceReload-0/INFO]: Force-loading class net.minecraft.world.inventory.MerchantContainer
[17:52:30] [Worker-ResourceReload-0/INFO]: Force-loading class net.minecraft.client.gui.screens.worldselection.AbstractGameRulesScreen$RuleList
[17:52:30] [Worker-ResourceReload-0/INFO]: Force-loading class net.caffeinemc.mods.sodium.client.render.chunk.compile.pipeline.BlockRenderer
[17:52:30] [Worker-ResourceReload-0/INFO]: Force-loading class com.mojang.blaze3d.vertex.VertexMultiConsumer$Multiple
[17:52:30] [Worker-ResourceReload-0/INFO]: Force-loading class net.minecraft.client.resources.sounds.BiomeAmbientSoundsHandler
[17:52:30] [Worker-ResourceReload-0/INFO]: Force-loading class net.minecraft.world.level.lighting.LightEngine
[17:52:30] [Worker-ResourceReload-0/INFO]: Force-loading class net.minecraft.client.gui.components.MultiLineEditBox
[17:52:30] [Worker-ResourceReload-0/INFO]: Force-loading class net.minecraft.data.recipes.SpecialRecipeBuilder
[17:52:30] [Worker-ResourceReload-0/INFO]: Force-loading class net.minecraft.client.particle.ItemPickupParticleGroup$ParticleInstance
[17:52:30] [Worker-ResourceReload-0/INFO]: Force-loading class net.minecraft.client.gui.screens.inventory.EffectsInInventory
[17:52:30] [Worker-ResourceReload-0/INFO]: Force-loading class net.minecraft.server.level.ChunkHolder
[17:52:30] [Worker-ResourceReload-0/INFO]: Force-loading class net.minecraft.client.multiplayer.ClientSuggestionProvider
[17:52:30] [Worker-ResourceReload-0/INFO]: Force-loading class net.minecraft.world.level.NaturalSpawner
[17:52:30] [Worker-ResourceReload-0/INFO]: Force-loading class net.minecraft.server.level.ChunkMap
[17:52:30] [Worker-ResourceReload-0/INFO]: Force-loading class net.minecraft.server.level.DistanceManager$FixedPlayerDistanceChunkTracker
[17:52:30] [Worker-ResourceReload-0/INFO]: Force-loading class net.minecraft.util.ClassInstanceMultiMap
[17:52:30] [Worker-ResourceReload-0/INFO]: Force-loading class net.minecraft.world.level.levelgen.NoiseChunk$NoiseInterpolator
[17:52:30] [Worker-ResourceReload-0/INFO]: Force-loading class net.minecraft.world.level.block.entity.SignText
[17:52:30] [Worker-ResourceReload-0/INFO]: Force-loading class net.minecraft.server.network.ServerTextFilter
[17:52:30] [Worker-ResourceReload-0/INFO]: Force-loading class net.minecraft.network.PacketDecoder
[17:52:30] [Worker-ResourceReload-0/INFO]: Force-loading class net.minecraft.util.ZeroBitStorage
[17:52:30] [Worker-ResourceReload-0/INFO]: Force-loading class net.minecraft.world.level.storage.ValueInput
[17:52:30] [Worker-ResourceReload-0/INFO]: Force-loading class net.minecraft.data.recipes.ShapelessRecipeBuilder
[17:52:30] [Worker-ResourceReload-0/INFO]: Force-loading class net.minecraft.world.level.levelgen.structure.templatesystem.StructureTemplate
[17:52:30] [Worker-ResourceReload-0/INFO]: Force-loading class net.minecraft.world.level.entity.EntitySection
[17:52:30] [Worker-ResourceReload-0/INFO]: Force-loading class net.minecraft.client.ClientClockManager
[17:52:30] [Worker-ResourceReload-0/INFO]: Force-loading class net.minecraft.world.level.levelgen.structure.structures.OceanMonumentPieces$RoomDefinition
[17:52:30] [Worker-ResourceReload-0/INFO]: Force-loading class net.minecraft.client.gui.screens.inventory.HangingSignEditScreen
[17:52:30] [Worker-ResourceReload-0/INFO]: Force-loading class net.minecraft.world.entity.InterpolationHandler
[17:52:30] [Worker-ResourceReload-0/INFO]: Force-loading class net.minecraft.client.multiplayer.ClientRecipeContainer
[17:52:30] [Worker-ResourceReload-0/INFO]: Force-loading class net.minecraft.client.gui.screens.debug.DebugOptionsScreen$OptionList
[17:52:30] [Worker-ResourceReload-0/INFO]: Force-loading class net.minecraft.world.level.chunk.EmptyLevelChunk
[17:52:30] [Worker-ResourceReload-0/INFO]: Force-loading class net.caffeinemc.mods.sodium.client.render.chunk.compile.pipeline.DefaultFluidRenderer
[17:52:30] [Worker-ResourceReload-0/INFO]: Force-loading class net.minecraft.client.renderer.block.BlockModelRenderState
[17:52:30] [Worker-ResourceReload-0/INFO]: Force-loading class net.minecraft.server.level.ChunkMap$TrackedEntity
[17:52:30] [Worker-ResourceReload-0/INFO]: Force-loading class net.minecraft.client.multiplayer.ServerStatusPinger
[17:52:30] [Worker-ResourceReload-0/INFO]: Force-loading class net.minecraft.world.entity.ai.behavior.GateBehavior$RunningPolicy$2
[17:52:30] [Worker-ResourceReload-0/INFO]: Force-loading class net.minecraft.world.entity.ai.behavior.GateBehavior$RunningPolicy$1
[17:52:30] [Worker-ResourceReload-0/INFO]: Force-loading class net.minecraft.world.level.block.piston.PistonStructureResolver
[17:52:30] [Worker-ResourceReload-0/INFO]: Force-loading class net.minecraft.world.ticks.LevelChunkTicks
[17:52:30] [Worker-ResourceReload-0/INFO]: Force-loading class net.minecraft.world.level.pathfinder.PathfindingContext
[17:52:30] [Worker-ResourceReload-0/INFO]: Force-loading class net.minecraft.world.level.entity.PersistentEntitySectionManager
[17:52:30] [Worker-ResourceReload-0/INFO]: Force-loading class net.minecraft.client.gui.screens.inventory.tooltip.ClientTooltipComponent
[17:52:30] [Worker-ResourceReload-0/INFO]: Force-loading class net.minecraft.world.level.chunk.storage.IOWorker
[17:52:30] [Worker-ResourceReload-0/INFO]: Force-loading class net.minecraft.network.protocol.game.ServerboundChatPacket
[17:52:30] [Worker-ResourceReload-0/INFO]: Force-loading class net.minecraft.client.gui.screens.inventory.CyclingSlotBackground
[17:52:30] [Worker-ResourceReload-0/INFO]: Force-loading class net.minecraft.world.entity.ai.village.poi.PoiManager
[17:52:30] [Worker-ResourceReload-0/INFO]: Force-loading class net.minecraft.server.network.config.PrepareSpawnTask$Ready
[17:52:30] [Worker-ResourceReload-0/INFO]: Force-loading class net.minecraft.world.level.chunk.ChunkGeneratorStructureState
[17:52:30] [Worker-ResourceReload-0/INFO]: Force-loading class net.minecraft.client.multiplayer.LevelLoadTracker$WaitingForPlayerChunk
[17:52:30] [Worker-ResourceReload-0/INFO]: Force-loading class net.minecraft.data.recipes.SingleItemRecipeBuilder
[17:52:30] [Worker-ResourceReload-0/INFO]: Force-loading class net.minecraft.client.gui.components.PlayerFaceExtractor
[17:52:30] [Worker-ResourceReload-0/INFO]: Force-loading class net.minecraft.server.level.GenerationChunkHolder
[17:52:30] [Worker-ResourceReload-0/INFO]: Force-loading class net.minecraft.world.level.portal.PortalShape
[17:52:30] [Worker-ResourceReload-0/INFO]: Force-loading class net.minecraft.server.network.ServerHandshakePacketListenerImpl
[17:52:30] [Worker-ResourceReload-0/INFO]: Force-loading class net.minecraft.world.entity.ai.behavior.VillagerGoalPackages
[17:52:30] [Worker-ResourceReload-0/INFO]: Force-loading class net.minecraft.network.protocol.game.ServerboundChatSessionUpdatePacket
[17:52:30] [Worker-ResourceReload-0/INFO]: Force-loading class net.minecraft.world.level.pathfinder.WalkNodeEvaluator
[17:52:30] [Worker-ResourceReload-0/INFO]: Force-loading class net.minecraft.data.recipes.TransmuteRecipeBuilder
[17:52:30] [Worker-ResourceReload-0/INFO]: Force-loading class net.minecraft.world.level.chunk.storage.RegionFile
[17:52:30] [Worker-ResourceReload-0/INFO]: Force-loading class net.minecraft.world.entity.ai.attributes.AttributeMap
[17:52:30] [Worker-ResourceReload-0/INFO]: Force-loading class net.caffeinemc.mods.sodium.client.render.chunk.DefaultChunkRenderer
[17:52:30] [Worker-ResourceReload-0/INFO]: Force-loading class net.minecraft.world.entity.ai.behavior.GateBehavior
[17:52:30] [Worker-ResourceReload-0/INFO]: Force-loading class net.minecraft.world.level.levelgen.NoiseRouterData
[17:52:30] [Worker-ResourceReload-0/INFO]: Force-loading class net.minecraft.client.renderer.block.ModelBlockRenderer
[17:52:30] [Worker-ResourceReload-0/INFO]: Force-loading class net.minecraft.world.level.portal.PortalForcer
[17:52:30] [Worker-ResourceReload-0/INFO]: Force-loading class net.minecraft.world.entity.ai.behavior.Behavior
[17:52:30] [Worker-ResourceReload-0/INFO]: Force-loading class net.minecraft.world.level.gameevent.DynamicGameEventListener
[17:52:30] [Worker-ResourceReload-0/INFO]: Force-loading class net.minecraft.world.level.storage.PrimaryLevelData
[17:52:30] [Worker-ResourceReload-0/INFO]: Force-loading class net.minecraft.world.level.entity.PersistentEntitySectionManager$Callback
[17:52:30] [Worker-ResourceReload-0/INFO]: Force-loading class de.maxhenkel.voicechat.gui.GameProfileUtils
[17:52:30] [Worker-ResourceReload-0/INFO]: Force-loading class net.minecraft.client.gui.contextualbar.JumpableVehicleBarRenderer
[17:52:30] [Worker-ResourceReload-0/INFO]: Force-loading class net.minecraft.server.ServerFunctionManager
[17:52:30] [Worker-ResourceReload-0/INFO]: Force-loading class net.minecraft.client.gui.screens.debug.DebugOptionsScreen$OptionEntry
[17:52:30] [Worker-ResourceReload-0/INFO]: Force-loading class net.minecraft.world.level.levelgen.NoiseChunk$FlatCache
[17:52:30] [Worker-ResourceReload-0/INFO]: Force-loading class net.minecraft.world.level.levelgen.NoiseChunk$CacheAllInCell
[17:52:30] [Worker-ResourceReload-0/INFO]: Force-loading class net.minecraft.world.level.levelgen.structure.structures.StrongholdPieces
[17:52:30] [Worker-ResourceReload-0/INFO]: Force-loading class net.minecraft.client.multiplayer.ServerStatusPinger$1
[17:52:30] [Worker-ResourceReload-0/INFO]: Force-loading class net.minecraft.world.level.levelgen.feature.EndPodiumFeature
[17:52:30] [Worker-ResourceReload-0/INFO]: Force-loading class net.minecraft.util.ParticleUtils
[17:52:30] [Worker-ResourceReload-0/INFO]: Force-loading class net.minecraft.world.level.levelgen.RandomState
[17:52:30] [Worker-ResourceReload-0/INFO]: Force-loading class net.minecraft.client.gui.screens.inventory.SignEditScreen
[17:52:30] [Worker-ResourceReload-0/INFO]: Force-loading class net.minecraft.client.gui.screens.worldselection.AbstractGameRulesScreen$RuleList$1
[17:52:30] [Worker-ResourceReload-0/INFO]: Force-loading class net.caffeinemc.mods.sodium.client.model.light.smooth.SmoothLightPipeline
[17:52:30] [Worker-ResourceReload-0/WARN]: @ModifyVariable(@At("HEAD")) Shift.BY=1 on sspb.mixins.json:sodium.SmoothLightPipelineMixin from mod sspb::localvar$hcg000$sspb$modifyApplyInsetPartialFaceVertexN2d exceeds the maximum allowed value: 0. Increase the value of maxShiftBy to suppress this warning.
[17:52:30] [Worker-ResourceReload-0/INFO]: Force-loading class net.minecraft.client.gui.components.ChatComponent$1
[17:52:30] [Worker-ResourceReload-0/INFO]: Force-loading class net.minecraft.network.protocol.game.ClientboundAwardStatsPacket
[17:52:30] [Worker-ResourceReload-0/INFO]: Force-loading class net.minecraft.server.level.ChunkMap$DistanceManager
[17:52:30] [Worker-ResourceReload-0/INFO]: Force-loading class net.minecraft.client.renderer.chunk.SectionCompiler
[17:52:30] [Worker-ResourceReload-0/INFO]: Force-loading class net.minecraft.client.renderer.feature.NameTagFeatureRenderer$Storage
[17:52:30] [Worker-ResourceReload-0/INFO]: Force-loading class net.minecraft.client.gui.Font$GlyphVisitor$1
[17:52:30] [Worker-ResourceReload-0/INFO]: Force-loading class net.minecraft.world.level.material.FlowingFluid$BlockStatePairKey
[17:52:30] [Worker-ResourceReload-0/INFO]: Force-loading class net.minecraft.client.data.models.ModelProvider$ItemInfoCollector
[17:52:30] [Worker-ResourceReload-0/INFO]: Force-loading class me.fallenbreath.fastipping.utils.DummyClass
[17:52:30] [Worker-ResourceReload-0/INFO]: Force-loading class net.minecraft.client.gui.components.MultilineTextField
[17:52:30] [Worker-ResourceReload-0/INFO]: Force-loading class net.minecraft.client.multiplayer.ClientDebugSubscriber
[17:52:30] [Worker-ResourceReload-0/INFO]: Force-loading class net.minecraft.client.gui.screens.worldselection.WorldSelectionList$WorldListEntry
[17:52:30] [Worker-ResourceReload-0/INFO]: Force-loading class net.minecraft.server.dedicated.ServerWatchdog
[17:52:30] [Worker-ResourceReload-0/INFO]: Force-loading class net.minecraft.world.entity.ai.behavior.LocateHidingPlace
[17:52:30] [Worker-ResourceReload-0/INFO]: Force-loading class net.minecraft.world.level.border.WorldBorder
[17:52:30] [Worker-ResourceReload-0/INFO]: Force-loading class net.minecraft.world.level.chunk.Strategy$2
[17:52:30] [Worker-ResourceReload-0/INFO]: Force-loading class net.minecraft.world.level.chunk.Strategy$1
[17:52:30] [Worker-ResourceReload-0/INFO]: Force-loading class net.minecraft.server.level.ChunkTrackingView$Positioned
[17:52:30] [Worker-ResourceReload-0/INFO]: Force-loading class net.minecraft.world.entity.ItemBasedSteering
[17:52:30] [Worker-ResourceReload-0/INFO]: Force-loading class net.minecraft.world.level.EntityBasedExplosionDamageCalculator
[17:52:30] [Worker-ResourceReload-0/INFO]: Force-loading class net.minecraft.server.level.PlayerSpawnFinder
[17:52:30] [Worker-ResourceReload-0/INFO]: Force-loading class net.minecraft.world.level.levelgen.structure.structures.StrongholdPieces$PieceWeight
[17:52:30] [Worker-ResourceReload-0/INFO]: Force-loading class net.minecraft.client.renderer.block.dispatch.WeightedVariants
[17:52:30] [Worker-ResourceReload-0/INFO]: Force-loading class net.minecraft.world.level.chunk.storage.SimpleRegionStorage
[17:52:30] [Worker-ResourceReload-0/INFO]: Force-loading class net.minecraft.world.entity.ai.behavior.WorkAtComposter
[17:52:30] [Worker-ResourceReload-0/INFO]: Force-loading class net.minecraft.client.resources.MapTextureManager$MapInstance
[17:52:30] [Worker-ResourceReload-0/INFO]: Force-loading class net.minecraft.world.entity.ai.behavior.SleepInBed
[17:52:31] [Worker-ResourceReload-0/INFO]: Force-loading class net.minecraft.client.multiplayer.ClientLevel$ClientLevelData
[17:52:31] [Worker-ResourceReload-0/INFO]: Force-loading class net.minecraft.client.gui.screens.worldselection.CreateWorldScreen$WorldTab
[17:52:31] [Worker-ResourceReload-0/INFO]: Force-loading class net.minecraft.server.dedicated.DedicatedServerProperties
[17:52:31] [Worker-ResourceReload-0/INFO]: Force-loading class net.minecraft.world.entity.InsideBlockEffectApplier$StepBasedCollector
[17:52:31] [Worker-ResourceReload-0/INFO]: Force-loading class net.minecraft.client.multiplayer.chat.GuiMessageTag
[17:52:31] [Worker-ResourceReload-0/INFO]: Force-loading class net.minecraft.server.level.ClientInformation
[17:52:31] [Worker-ResourceReload-0/INFO]: Force-loading class net.minecraft.world.level.chunk.storage.EntityStorage
[17:52:31] [Worker-ResourceReload-0/INFO]: Force-loading class net.minecraft.network.protocol.login.ServerboundKeyPacket
[17:52:31] [Worker-ResourceReload-0/INFO]: Force-loading class net.minecraft.server.level.SimulationChunkTracker
[17:52:31] [Worker-ResourceReload-0/INFO]: Force-loading class com.mojang.brigadier.context.ContextChain
[17:52:31] [Worker-ResourceReload-0/INFO]: Force-loading class net.minecraft.world.level.pathfinder.PathFinder
[17:52:31] [Worker-ResourceReload-0/INFO]: Force-loading class net.minecraft.world.entity.EntitySelector
[17:52:31] [Worker-ResourceReload-0/INFO]: Force-loading class net.minecraft.network.codec.IdDispatchCodec
[17:52:31] [Worker-ResourceReload-0/INFO]: Force-loading class net.minecraft.network.protocol.login.ClientboundCustomQueryPacket
[17:52:31] [Worker-ResourceReload-0/INFO]: Force-loading class net.minecraft.realms.RealmsConnect
[17:52:31] [Worker-ResourceReload-0/INFO]: Force-loading class net.minecraft.world.entity.ai.behavior.AnimalMakeLove
[17:52:31] [Worker-ResourceReload-0/WARN]: Cleared mixin data structures
[17:52:32] [Render thread/INFO]: [ETF]: emissive suffixes loaded: [_e]
[17:52:32] [Render thread/INFO]: Connecting to mc.coxford.net, 25566
[17:52:33] [Render thread/INFO]: Enforcing safe world random access
[17:52:33] [Render thread/INFO]: Started 6 worker threads
[17:52:33] [Render thread/INFO]: [voicechat] Sending secret request to the server
[17:52:33] [VoicechatSoundManagerThread/INFO]: Initializing sound physics for voice chat audio
[17:52:33] [VoicechatSoundManagerThread/INFO]: Initializing Sound Physics
[17:52:33] [VoicechatSoundManagerThread/INFO]: EFX Extension recognized
[17:52:33] [VoicechatSoundManagerThread/INFO]: Max auxiliary sends: 2
[17:52:33] [VoicechatSoundManagerThread/INFO]: Aux slot 1 created
[17:52:33] [VoicechatSoundManagerThread/INFO]: Aux slot 2 created
[17:52:33] [VoicechatSoundManagerThread/INFO]: Aux slot 3 created
[17:52:33] [VoicechatSoundManagerThread/INFO]: Aux slot 4 created
[17:52:33] [VoicechatSoundManagerThread/INFO]: EFX ready
[17:52:33] [Render thread/INFO]: [CHAT] [Parkour] This server uses Parkour 7.2.8
[17:52:33] [Render thread/INFO]: [CHAT] Welcome, ElectroBleach!
[17:52:33] [Render thread/INFO]: [CHAT] Type /help for a list of commands.
[17:52:33] [Render thread/INFO]: [CHAT] Type /list to see who else is online.
[17:52:33] [Render thread/INFO]: [CHAT] Players online: 1 - World time: 10:26 PM
[17:52:33] [Render thread/INFO]: [CHAT] You have no new mail.
[17:52:33] [Render thread/INFO]: [CHAT] Set fly mode enabled for ElectroBleach.
[17:52:33] [Render thread/INFO]: [CHAT] ElectroBleach joined the game
[17:52:33] [Render thread/INFO]: [CHAT] This server is using an outdated version of FancyNpcs\nCurrent version: 2.11.0\nLatest version: 2.12.1\nDownload latest version: click here
[17:52:33] [Render thread/INFO]: [CHAT] You're 4 EssentialsX dev build(s) out of date!
[17:52:33] [Render thread/INFO]: [CHAT] Download it here: https://essentialsx.net/downloads.html
[17:52:33] [Render thread/INFO]: Loaded 204 advancements
[17:52:33] [Render thread/INFO]: [CHAT] [ViaVersion] There is a newer plugin version available: 5.12.1, you're on: 5.12.0
[17:52:33] [Render thread/INFO]: [CHAT] Shop >> There is an update available for EconomyShopGUI, you are running v7.2.1 but found v7.3.2.
[17:52:33] [Render thread/INFO]: [CHAT] Shop >> Download at: https://www.spigotmc.org/resources/economyshopgui.69927/
[17:52:33] [Render thread/INFO]: Stopping worker threads
[17:52:33] [Render thread/INFO]: Started 6 worker threads
[17:52:33] [Render thread/INFO]: Stopping worker threads
[17:52:33] [Render thread/INFO]: Started 6 worker threads
[17:52:33] [Render thread/INFO]: Stopping worker threads
[17:52:33] [Render thread/INFO]: Started 6 worker threads
[17:52:33] [Render thread/INFO]: Stopping worker threads
[17:52:33] [Render thread/INFO]: Started 6 worker threads
[17:52:33] [main/INFO]: Loaded entity minecraft:bat
[17:52:33] [Render thread/INFO]: Resizing Dynamic Transforms UBO, capacity limit of 2 reached during a single frame. New capacity will be 4.
[17:52:33] [main/INFO]: Loaded entity minecraft:sheep
[17:52:33] [main/INFO]: Loaded entity minecraft:glow_squid
[17:52:33] [main/INFO]: Loaded entity minecraft:tropical_fish
[17:52:33] [main/INFO]: Loaded entity minecraft:cod
[17:52:33] [main/INFO]: Loaded entity minecraft:squid
[17:52:33] [main/WARN]: Time from main menu to in-game was 1.4421996 seconds
[17:52:33] [main/WARN]: Total time to load game and open world was 22.912199 seconds
[17:52:33] [Render thread/INFO]: Resizing Dynamic Transforms UBO, capacity limit of 4 reached during a single frame. New capacity will be 8.
[17:52:33] [main/INFO]: Loaded entity minecraft:pufferfish
[17:52:33] [main/INFO]: Loaded entity minecraft:cow
[17:52:34] [main/INFO]: Loaded entity minecraft:chicken
[17:52:34] [main/INFO]: Loaded entity minecraft:item
[17:52:34] [Render thread/INFO]: Resolved minecraft:bat:minecraft:bat#main->geometry.bat -> geometry: geometry.bat (matched key: default, baseName: bat)
[17:52:34] [main/INFO]: Loaded entity minecraft:interaction
[17:52:34] [Render thread/INFO]: Resolved minecraft:sheep:minecraft:sheep#main->geometry.sheep -> geometry: geometry.sheep (matched key: default, baseName: sheep)
[17:52:34] [Render thread/INFO]: Resolved minecraft:sheep:minecraft:sheep#wool->geometry.sheep -> geometry: geometry.sheep (matched key: default, baseName: sheep)
[17:52:34] [Render thread/WARN]: Class wily.legacy.client.VertexConsumerWrapper does not support optimized vertex writing code paths, which may cause reduced rendering performance
[17:52:34] [main/INFO]: Loaded entity minecraft:pig
[17:52:34] [main/INFO]: Loaded entity minecraft:nautilus
[17:52:34] [main/INFO]: Loaded entity minecraft:ocelot
[17:52:34] [Render thread/INFO]: Resolved minecraft:player:minecraft:player#main->geometry.player -> geometry: geometry.player (matched key: default, baseName: player)
[17:52:34] [Render thread/INFO]: Resolved minecraft:player:minecraft:player#cape->geometry.player -> geometry: geometry.player (matched key: default, baseName: player)
[17:52:49] [Render thread/INFO]: Resolved minecraft:squid:minecraft:squid#main->geometry.squid -> geometry: geometry.squid (matched key: default, baseName: squid)
[17:52:53] [Render thread/INFO]: Resolved minecraft:cod:minecraft:cod#main->geometry.cod -> geometry: geometry.cod (matched key: default, baseName: cod)
[17:52:53] [Render thread/INFO]: Resolved minecraft:pufferfish:minecraft:pufferfish_small#main->geometry.pufferfish -> geometry: geometry.pufferfish (matched key: default, baseName: pufferfish)
[17:52:53] [Render thread/INFO]: Resolved minecraft:tropical_fish:minecraft:tropical_fish_small#main->geometry.tropical_fish -> geometry: geometry.tropical_fish (matched key: default, baseName: tropical_fish)
[17:52:53] [Render thread/INFO]: Resolved minecraft:tropical_fish:minecraft:tropical_fish_small#pattern->geometry.tropical_fish -> geometry: geometry.tropical_fish (matched key: default, baseName: tropical_fish)
[17:52:53] [Render thread/INFO]: Resolved minecraft:cow:minecraft:cow#main->geometry.cow -> geometry: geometry.cow (matched key: default, baseName: cow)
[17:53:00] [Render thread/INFO]: Resolved minecraft:tropical_fish:minecraft:tropical_fish_large#main->geometry.tropical_fish -> geometry: geometry.tropical_fish (matched key: default, baseName: tropical_fish)
[17:53:00] [Render thread/INFO]: Resolved minecraft:tropical_fish:minecraft:tropical_fish_large#pattern->geometry.tropical_fish -> geometry: geometry.tropical_fish (matched key: default, baseName: tropical_fish)
[17:53:11] [Render thread/INFO]: [CHAT] Set game mode creative for ElectroBleach.
[17:53:40] [Render thread/WARN]: Unable to play empty soundEvent: minecraft:entity.tropical_fish.ambient
[17:53:59] [Render thread/WARN]: Missing block model: minecraft:builtin/entity
[17:53:59] [Render thread/WARN]: Missing block model: minecraft:builtin/entity
[17:54:01] [Render thread/INFO]: Resolved minecraft:nautilus:minecraft:nautilus#main->geometry.nautilus -> geometry: geometry.nautilus (matched key: default, baseName: nautilus)
[17:54:45] [Render thread/INFO]: Resizing Dynamic Transforms UBO, capacity limit of 8 reached during a single frame. New capacity will be 16.
[17:55:09] [Render thread/WARN]: Missing block model: minecraft:builtin/entity
[17:55:09] [Render thread/WARN]: Missing block model: minecraft:builtin/entity
[17:55:09] [Render thread/WARN]: Missing block model: minecraft:builtin/entity
[17:55:09] [Render thread/WARN]: Missing block model: minecraft:builtin/entity
[17:55:09] [Render thread/WARN]: Missing block model: minecraft:builtin/entity
[17:55:09] [Render thread/WARN]: Missing block model: minecraft:builtin/entity
[17:55:09] [Render thread/WARN]: Missing block model: minecraft:builtin/entity
[17:55:09] [Render thread/WARN]: Missing block model: minecraft:builtin/entity
[17:55:09] [Render thread/WARN]: Missing block model: minecraft:builtin/entity
[17:55:09] [Render thread/WARN]: Missing block model: minecraft:builtin/entity
[17:55:09] [Render thread/WARN]: Missing block model: minecraft:builtin/entity
[17:55:09] [Render thread/WARN]: Missing block model: minecraft:builtin/entity
[17:55:09] [Render thread/WARN]: Missing block model: minecraft:builtin/entity
[17:55:09] [Render thread/WARN]: Missing block model: minecraft:builtin/entity
[17:55:09] [Render thread/WARN]: Missing block model: minecraft:builtin/entity
[17:55:12] [Render thread/INFO]: Loaded 205 advancements
[17:56:45] [Render thread/WARN]: Class net.minecraft.client.renderer.SpriteCoordinateExpander does not support optimized vertex writing code paths, which may cause reduced rendering performance
[17:57:08] [Render thread/INFO]: [CHAT] Respawn point set
[17:57:08] [Render thread/INFO]: Loaded 210 advancements
[17:57:08] [Render thread/WARN]: Unable to play empty soundEvent: console_advancement_sounds:advancement-sound-rare.steam
[17:57:27] [main/INFO]: Loaded entity minecraft:dolphin
[17:57:44] [Render thread/INFO]: Resolved minecraft:dolphin:minecraft:dolphin#main->geometry.dolphin -> geometry: geometry.dolphin (matched key: default, baseName: dolphin)
[17:58:46] [Render thread/INFO]: Loaded 213 advancements
[17:58:56] [Render thread/INFO]: Resolved minecraft:glow_squid:minecraft:glow_squid#main->geometry.glow_squid -> geometry: geometry.glow_squid (matched key: default, baseName: glow_squid)
[18:00:00] [Render thread/INFO]: [CHAT] [Ad] MinecraftOffline.net is a cool server!
[18:00:00] [Render thread/INFO]: [CHAT] Join our Discord community - click here!
[18:03:31] [Render thread/INFO]: [CHAT] First position set to (12, 66, 17) (462).
[18:03:32] [Render thread/INFO]: [CHAT] Second position set to (17, 70, 17) (30).
[18:03:35] [Render thread/INFO]: [CHAT] Operation completed (30 blocks affected).
[18:03:36] [Render thread/INFO]: [CHAT] First position set to (18, 70, 18) (4).
[18:03:38] [Render thread/INFO]: [CHAT] Second position set to (18, 64, 27) (70).
[18:03:39] [Render thread/INFO]: [CHAT] Operation completed (70 blocks affected).
[18:03:41] [Render thread/INFO]: [CHAT] First position set to (17, 63, 28) (8).
[18:03:42] [Render thread/INFO]: [CHAT] Second position set to (12, 70, 28) (48).
[18:03:43] [Render thread/INFO]: [CHAT] Operation completed (48 blocks affected).
[18:03:43] [Render thread/INFO]: Stopping worker threads
[18:03:43] [Render thread/INFO]: Started 6 worker threads
[18:03:43] [Render thread/INFO]: Stopping worker threads
[18:03:43] [Render thread/INFO]: Started 6 worker threads
[18:03:43] [Render thread/INFO]: Generating YACL screen
[18:04:06] [Render thread/INFO]: Loaded 230 advancements
[18:04:40] [Render thread/INFO]: Loaded 238 advancements
[18:04:55] [Render thread/INFO]: Loaded 239 advancements
[18:04:59] [Render thread/INFO]: Loaded 240 advancements
[18:05:25] [Render thread/INFO]: Loaded 241 advancements
[18:05:35] [Render thread/WARN]: Too many items (58) in UI, some will be skipped! (Reached maximum texture size 512x512)
[18:07:37] [Render thread/INFO]: [CHAT] Set own game mode to Spectator
[18:07:49] [Render thread/INFO]: [CHAT] Set own game mode to Creative
[18:09:02] [Render thread/WARN]: Unable to play empty soundEvent: minecraft:entity.cod.ambient
[18:14:34] [Render thread/WARN]: Missing block model: minecraft:builtin/entity
[18:14:34] [Render thread/WARN]: Missing block model: minecraft:builtin/entity
[18:14:34] [Render thread/WARN]: Missing block model: minecraft:builtin/entity
[18:14:34] [Render thread/WARN]: Missing block model: minecraft:builtin/entity
[18:14:53] [Render thread/INFO]: Loaded 242 advancements
[18:15:18] [Render thread/INFO]: Loaded 249 advancements
[18:18:54] [Render thread/WARN]: Missing block model: minecraft:builtin/entity
[18:18:54] [Render thread/WARN]: Missing block model: minecraft:builtin/entity
[18:21:24] [Render thread/WARN]: Missing block model: minecraft:builtin/entity
[18:21:24] [Render thread/WARN]: Missing block model: minecraft:builtin/entity
[18:21:24] [Render thread/WARN]: Missing block model: minecraft:builtin/entity
[18:21:24] [Render thread/WARN]: Missing block model: minecraft:builtin/entity
[18:21:24] [Render thread/WARN]: Missing block model: minecraft:builtin/entity
[18:21:24] [Render thread/WARN]: Missing block model: minecraft:builtin/entity
[18:21:24] [Render thread/WARN]: Missing block model: minecraft:builtin/entity
[18:21:24] [Render thread/WARN]: Missing block model: minecraft:builtin/entity
[18:21:24] [Render thread/WARN]: Missing block model: minecraft:builtin/entity
[18:21:24] [Render thread/WARN]: Missing block model: minecraft:builtin/entity
[18:21:24] [Render thread/WARN]: Missing block model: minecraft:builtin/entity
[18:26:58] [Render thread/INFO]: [CHAT] Left click: select pos #1; Right click: select pos #2
[18:27:01] [Render thread/INFO]: [CHAT] Left click: select pos #1; Right click: select pos #2
[18:27:03] [Render thread/INFO]: [CHAT] First position set to (12, 70, 18) (11).
[18:27:06] [Render thread/INFO]: [CHAT] Second position set to (17, 70, 27) (60).
[18:27:10] [Render thread/INFO]: [CHAT] Operation completed (60 blocks affected).
[18:29:44] [main/INFO]: Loaded entity minecraft:falling_block
[18:30:00] [Render thread/INFO]: [CHAT] [Ad] MinecraftOffline.net is a cool server!
[18:33:17] [Render thread/INFO]: [voicechat] Clearing audio channels
[18:33:17] [C2ME Storage #1/INFO]: Storage thread Thread[#149,C2ME Storage #1,10,main] stopped
[18:33:17] [Render thread/INFO]: Stopping worker threads
[18:33:17] [Render thread/INFO]: [ETF]: emissive suffixes loaded: [_e]
[18:33:17] [Render thread/INFO]: [ETF]: emissive suffixes loaded: [_e]
[18:33:18] [CullThread/INFO]: [STDOUT]: Shutting down culling task!
[18:33:18] [Render thread/INFO]: Stopping!
[18:33:18] [Render thread/INFO]: [ETF]: emissive suffixes loaded: [_e]
